word,importantce_score,method,label
thanking,0.7591166062930986,LIME,joy
thank,0.7560260318605121,LIME,joy
Thank,0.7535177531669293,LIME,joy
THANK,0.7487266874808329,LIME,joy
Thanks,0.7179105153826362,LIME,joy
Love,0.7158632591628619,LIME,joy
thanks,0.6978495404201667,LIME,joy
Lol,0.6764962634645548,LIME,joy
LOVE,0.6753696278077974,LIME,joy
happily,0.6384167249546587,LIME,joy
Hope,0.631528093152865,LIME,joy
Bhahahahahahahahah,0.6272101357751689,LIME,joy
loves,0.6158993872172545,LIME,joy
touching,0.6106514538947061,LIME,joy
love,0.6094835649264034,LIME,joy
Hahahahah,0.6070536161077321,LIME,joy
funny,0.5795433668481748,LIME,joy
loved,0.5742107635038711,LIME,joy
Haha,0.5370538075860375,LIME,joy
lol,0.5247815415388645,LIME,joy
Hopefully,0.5199342385532623,LIME,joy
hilarious,0.49619481136802385,LIME,joy
satisfaction,0.49081288345782353,LIME,joy
Hahaha,0.4840014061170662,LIME,joy
Kidding,0.47180937761135017,LIME,joy
hope,0.4716327739997294,LIME,joy
agreed,0.4592343954096909,LIME,joy
hahaha,0.45493579879162743,LIME,joy
worries,0.45356303066486353,LIME,joy
Lmao,0.44577502866894764,LIME,joy
happy,0.4356675208934653,LIME,joy
Crazy,0.43180123792431035,LIME,joy
enjoy,0.431355860536068,LIME,joy
hoping,0.4038523576357592,LIME,joy
heartwarming,0.4016137474640144,LIME,joy
enjoyed,0.39888491402400694,LIME,joy
comical,0.39690554265106565,LIME,joy
ha,0.3936240095663316,LIME,joy
Glad,0.3908922074452411,LIME,joy
glad,0.38827264476813167,LIME,joy
yummy,0.3824018770853452,LIME,joy
Funny,0.3687909018635518,LIME,joy
haha,0.3683709794353483,LIME,joy
rewarded,0.3679491117278513,LIME,joy
excited,0.3563415816810867,LIME,joy
laughed,0.34540877155291655,LIME,joy
Congrats,0.33400856813803104,LIME,joy
optimistic,0.3305957775078882,LIME,joy
joke,0.3304179076714314,LIME,joy
crazy,0.3118186077609206,LIME,joy
comeback,0.30675726651273094,LIME,joy
agree,0.30019313095202793,LIME,joy
lmao,0.2998258888450013,LIME,joy
saved,0.29773442351491997,LIME,joy
destiny,0.29667855682430355,LIME,joy
hopefully,0.2927851072884811,LIME,joy
Happy,0.2807941890402687,LIME,joy
stimulating,0.2774403380812008,LIME,joy
Welcome,0.27518346364094326,LIME,joy
kissed,0.26811635285987084,LIME,joy
appreciate,0.2606168750446032,LIME,joy
HORRAY,0.2593894334392127,LIME,joy
enjoying,0.25845404421299,LIME,joy
fun,0.2579650446929732,LIME,joy
winning,0.25757782867722373,LIME,joy
understood,0.2572706005310725,LIME,joy
interesting,0.2571215121596123,LIME,joy
Fun,0.2569513164749275,LIME,joy
laughing,0.2529514213195139,LIME,joy
laugh,0.2498722541931074,LIME,joy
favorites,0.24601886230614714,LIME,joy
favorite,0.2422460695302137,LIME,joy
kidding,0.23899466951173876,LIME,joy
worry,0.23263248510788764,LIME,joy
Cakeday,0.2186260512366802,LIME,joy
masterpiece,0.2148546912111264,LIME,joy
sweet,0.21046844816095564,LIME,joy
Wish,0.20808211165687746,LIME,joy
blast,0.20711098976745398,LIME,joy
favourite,0.20514156556295707,LIME,joy
funnier,0.2049236349288559,LIME,joy
Agreed,0.203397410223874,LIME,joy
successful,0.20123619626276074,LIME,joy
Aw,0.19861136726206524,LIME,joy
wishes,0.1981161762594082,LIME,joy
luck,0.19643129752811225,LIME,joy
likes,0.19614254786802007,LIME,joy
vividly,0.1936097261838536,LIME,joy
happiness,0.19355795545832052,LIME,joy
eventually,0.19011849748247553,LIME,joy
wait,0.18771266326884062,LIME,joy
incredible,0.18766469661290403,LIME,joy
misses,0.18628704822072514,LIME,joy
jokingly,0.1854724540464322,LIME,joy
win,0.18544093475561077,LIME,joy
lucky,0.18430625303881376,LIME,joy
awesome,0.18063895227099505,LIME,joy
glimmer,0.1802687891200734,LIME,joy
Magic,0.17725892631198528,LIME,joy
cute,0.17635593104791453,LIME,joy
Wow,0.17068048621421636,LIME,joy
voted,0.16268640109240007,LIME,joy
wishing,0.15625619269142993,LIME,joy
goes,0.1540417340142328,LIME,joy
Hoooo,0.1506116441611386,LIME,joy
everybody,0.14865915509817904,LIME,joy
welcome,0.1481309514819167,LIME,joy
SCORES,0.14429233655971205,LIME,joy
horny,0.14328152284834406,LIME,joy
jokes,0.14185387323162058,LIME,joy
smile,0.1406607328271167,LIME,joy
rock,0.1400260664465924,LIME,joy
Chill,0.1397139299757783,LIME,joy
fascinating,0.13861788021704485,LIME,joy
optimist,0.13840451634115844,LIME,joy
intriguing,0.13770591615759314,LIME,joy
DESERVE,0.13621315504471548,LIME,joy
future,0.1283515806682637,LIME,joy
ready,0.12362118470016248,LIME,joy
entertainment,0.12239769391485948,LIME,joy
romanced,0.11998319929614534,LIME,joy
hug,0.11826999773313765,LIME,joy
Ate,0.11758510379532519,LIME,joy
warm,0.1172530852529577,LIME,joy
lookin,0.11639092399999831,LIME,joy
TRUE,0.11585056113272982,LIME,joy
Had,0.11555995160725667,LIME,joy
BECAUSE,0.11467752282934007,LIME,joy
cheer,0.11290008770313244,LIME,joy
uplifting,0.11270694377855567,LIME,joy
adorable,0.1111579736243652,LIME,joy
wonderful,0.1108621538703883,LIME,joy
someday,0.11073296098294287,LIME,joy
bless,0.11046665329184145,LIME,joy
wholesome,0.110014669099919,LIME,joy
pickle,0.10905294094349376,LIME,joy
fantastic,0.10877066944996983,LIME,joy
confirmed,0.10858981399476127,LIME,joy
save,0.10830173798963874,LIME,joy
Hey,0.10709402655975328,LIME,joy
slowly,0.10531530901231802,LIME,joy
Honey,0.10491182898487163,LIME,joy
wished,0.10431392194271466,LIME,joy
bested,0.10420491816618843,LIME,joy
pleasurable,0.10402955229219524,LIME,joy
Thats,0.10264667599091234,LIME,joy
true,0.10126900917452421,LIME,joy
fine,0.10050368813100816,LIME,joy
looking,0.1004156624742469,LIME,joy
imagination,0.10018230584158805,LIME,joy
reelected,0.09863117853430844,LIME,joy
starts,0.09859470608330838,LIME,joy
upside,0.0982446555682102,LIME,joy
rick,0.0981059476025262,LIME,joy
normal,0.09746318004479126,LIME,joy
Yay,0.09706649561200711,LIME,joy
correctly,0.09693743352074906,LIME,joy
im,0.09678758243574993,LIME,joy
sexy,0.09665658812768309,LIME,joy
enjoyment,0.09651811003983819,LIME,joy
NATIONAL,0.09258122154218495,LIME,joy
Woah,0.09116432937523385,LIME,joy
Sometimes,0.09052031961685679,LIME,joy
good,0.09043594672193603,LIME,joy
headache,0.08997720311929691,LIME,joy
decent,0.08981070293122775,LIME,joy
youngest,0.08886492581958373,LIME,joy
anyway,0.08742282991778799,LIME,joy
united,0.0868518737920407,LIME,joy
Day,0.0868381368137138,LIME,joy
faith,0.08651613240666832,LIME,joy
happier,0.08637520324617402,LIME,joy
understands,0.08578325351424657,LIME,joy
ya,0.08530893018005675,LIME,joy
Definitely,0.08487057890583304,LIME,joy
right,0.08434363568424219,LIME,joy
step,0.0837676397735264,LIME,joy
Interesting,0.083379564793389,LIME,joy
closer,0.08309818292363239,LIME,joy
won,0.08306119548122883,LIME,joy
Absolutely,0.08150412329628628,LIME,joy
Another,0.08128582066825188,LIME,joy
challenging,0.08116336693057977,LIME,joy
yeah,0.08104526256158781,LIME,joy
famous,0.07987138503678534,LIME,joy
cool,0.07917288502064627,LIME,joy
Better,0.07905061751090282,LIME,joy
Good,0.0784800574024124,LIME,joy
wanna,0.07815042309897413,LIME,joy
Omg,0.07811715216543459,LIME,joy
drawn,0.07700014502120062,LIME,joy
protector,0.07687349823169469,LIME,joy
Detroit,0.07675324026206552,LIME,joy
came,0.07665447057326295,LIME,joy
Ya,0.07608895903661951,LIME,joy
Ha,0.07509476445202931,LIME,joy
STARVING,0.07499544712879619,LIME,joy
happens,0.07393991099553861,LIME,joy
Calm,0.07356456026275192,LIME,joy
great,0.07319230070270863,LIME,joy
went,0.07318977558857248,LIME,joy
nice,0.07268929001095381,LIME,joy
memorable,0.07255728019946174,LIME,joy
hit,0.0723268379120111,LIME,joy
unconditionally,0.07196987644414028,LIME,joy
god,0.07154435589127338,LIME,joy
SECURITY,0.07030639339998927,LIME,joy
honorable,0.07020940255687093,LIME,joy
Fame,0.06966007115237909,LIME,joy
comes,0.06929075102580251,LIME,joy
straight,0.06928047243902202,LIME,joy
Kids,0.06885555737466867,LIME,joy
Gonna,0.06883011610446142,LIME,joy
figured,0.06877870130343106,LIME,joy
Brave,0.06871640024423528,LIME,joy
purrs,0.06806103343808165,LIME,joy
convicted,0.06801729216928426,LIME,joy
day,0.06782756441593765,LIME,joy
Miami,0.06765844066319784,LIME,joy
outings,0.06681758914428584,LIME,joy
delivered,0.06625228630680467,LIME,joy
better,0.06591520914999165,LIME,joy
coming,0.06542888014676079,LIME,joy
Yep,0.06496329694385225,LIME,joy
U,0.0649612739148776,LIME,joy
hold,0.06495294290607202,LIME,joy
healthcare,0.0648922295571862,LIME,joy
gives,0.06443659058854344,LIME,joy
strong,0.06442775698625242,LIME,joy
dream,0.06430221540195095,LIME,joy
capitulate,0.0642724248787856,LIME,joy
woah,0.06391900675763677,LIME,joy
Lead,0.0637849273531591,LIME,joy
Woooooo,0.06302889925017455,LIME,joy
beaten,0.06293253090225767,LIME,joy
strengthened,0.06262726390812229,LIME,joy
mate,0.061765628554669286,LIME,joy
Imagine,0.06156243321176543,LIME,joy
walk,0.0614438687684342,LIME,joy
convined,0.061419611820487274,LIME,joy
okay,0.06074350640362917,LIME,joy
2016,0.05993167631870485,LIME,joy
gotta,0.059775279730576135,LIME,joy
week,0.059523953023655235,LIME,joy
success,0.05929954827217219,LIME,joy
Alright,0.05835748349825548,LIME,joy
amazing,0.05835455874234684,LIME,joy
teaching,0.05805086250969065,LIME,joy
did,0.05798332977568276,LIME,joy
changed,0.05789963181471361,LIME,joy
2018,0.05742437477842049,LIME,joy
foreseeable,0.0574033901162838,LIME,joy
accurate,0.0571984436539286,LIME,joy
forget,0.056340457058834004,LIME,joy
easy,0.05612819362649541,LIME,joy
i,0.05612505849979506,LIME,joy
somebody,0.05609308944271763,LIME,joy
SHOOTS,0.05599647507013672,LIME,joy
Haaaaa,0.05527693873353358,LIME,joy
action,0.05503207160580721,LIME,joy
least,0.05498746278138268,LIME,joy
like,0.054255258428795194,LIME,joy
Let,0.05421488357342995,LIME,joy
values,0.05414355099159855,LIME,joy
oooh,0.05406698633999041,LIME,joy
bet,0.05402183206462282,LIME,joy
Sure,0.053700577636762274,LIME,joy
fantasize,0.053652487557360455,LIME,joy
gonna,0.05338740517061436,LIME,joy
super,0.052957897831269043,LIME,joy
pets,0.05293661809635527,LIME,joy
Reminds,0.05285788145717005,LIME,joy
Reaching,0.0526049772026912,LIME,joy
pokes,0.052552902675491,LIME,joy
ideas,0.05232146572345919,LIME,joy
patience,0.05199040901422498,LIME,joy
surrendered,0.05195578827541904,LIME,joy
cheesy,0.05112980058887352,LIME,joy
Yes,0.05104235489989419,LIME,joy
applauding,0.050434795793760256,LIME,joy
dance,0.05012893400998482,LIME,joy
show,0.04961137527688493,LIME,joy
hero,0.0495420050841421,LIME,joy
top,0.049036144851843017,LIME,joy
appropriate,0.04894410507422643,LIME,joy
Gotta,0.048457372191951543,LIME,joy
playing,0.0484181155453281,LIME,joy
customer,0.048142482449447424,LIME,joy
magic,0.04804920927375703,LIME,joy
Best,0.04775746172165056,LIME,joy
serve,0.047689382194453005,LIME,joy
every,0.04744762534706068,LIME,joy
pity,0.04701289601161442,LIME,joy
calm,0.04682405857026828,LIME,joy
Wildling,0.04640946314850752,LIME,joy
well,0.046367365494538314,LIME,joy
GONNA,0.04635614473771611,LIME,joy
experience,0.046012408653202386,LIME,joy
special,0.04581215040063864,LIME,joy
gifts,0.045589334782733526,LIME,joy
Oooh,0.04531697725772984,LIME,joy
revenue,0.0451753442750555,LIME,joy
motivational,0.04482047915680739,LIME,joy
Yeah,0.044816214280521766,LIME,joy
birthday,0.04474954086112528,LIME,joy
unconditional,0.044726549502971044,LIME,joy
best,0.04468647679111025,LIME,joy
able,0.04458142180945158,LIME,joy
near,0.044160975631725025,LIME,joy
evil,0.04413241311253305,LIME,joy
handled,0.04405811988754481,LIME,joy
will,0.04404100530304375,LIME,joy
helps,0.04393421174218064,LIME,joy
boy,0.04363155370895153,LIME,joy
mum,0.043603387205224664,LIME,joy
pieces,0.04355189019014367,LIME,joy
NBA,0.04354712913774474,LIME,joy
Holy,0.04322483761235102,LIME,joy
word,0.04313646764216631,LIME,joy
each,0.04307289612546698,LIME,joy
response,0.042970461985445685,LIME,joy
couple,0.04271381101859197,LIME,joy
comprehension,0.042541895451900215,LIME,joy
complete,0.04250022569101984,LIME,joy
Hot,0.042421879842212955,LIME,joy
genius,0.042335337365630804,LIME,joy
half,0.04225190000124597,LIME,joy
scored,0.04197448267786695,LIME,joy
race,0.04193276805540557,LIME,joy
tonight,0.041575303219307636,LIME,joy
superpower,0.041075566545059644,LIME,joy
feel,0.04106398882813571,LIME,joy
Coolio,0.04083769465284011,LIME,joy
fanbase,0.040744507124298675,LIME,joy
spring,0.040698151793210575,LIME,joy
starving,0.0403558248541781,LIME,joy
Should,0.040319615391524205,LIME,joy
burgers,0.04024020723457907,LIME,joy
ok,0.03953245967121226,LIME,joy
hot,0.03947584659383656,LIME,joy
couples,0.03946940949839278,LIME,joy
M,0.039411464129693,LIME,joy
worth,0.03940509087906526,LIME,joy
yours,0.03939264467981681,LIME,joy
Thriving,0.03935482864534723,LIME,joy
Republicans,0.039317393901713654,LIME,joy
ll,0.03894798136872069,LIME,joy
Honestly,0.038935355964575855,LIME,joy
storyline,0.03881499945331778,LIME,joy
Right,0.03870598212363677,LIME,joy
scoring,0.03867396356225405,LIME,joy
wins,0.038636721699768645,LIME,joy
We,0.03861031087447064,LIME,joy
heat,0.03853249615306026,LIME,joy
cleaner,0.03822686559151788,LIME,joy
strength,0.038172127452867285,LIME,joy
friends,0.038127213490007215,LIME,joy
My,0.03801918629501792,LIME,joy
having,0.03798193107901994,LIME,joy
am,0.037872134699693104,LIME,joy
RAVE,0.03786656842179405,LIME,joy
imagine,0.037865254611425134,LIME,joy
probably,0.03757597873709132,LIME,joy
I,0.037418150032616254,LIME,joy
revolution,0.037238499021660196,LIME,joy
effort,0.03717013044892777,LIME,joy
today,0.037064264044087455,LIME,joy
comic,0.037002141506505826,LIME,joy
boom,0.03697521858672301,LIME,joy
Way,0.036905624163480706,LIME,joy
party,0.03689459168921619,LIME,joy
beam,0.036761360479352294,LIME,joy
shots,0.036510606981609794,LIME,joy
waves,0.03649957217966937,LIME,joy
soon,0.03608407359201836,LIME,joy
drunk,0.03601481118834148,LIME,joy
attorney,0.03596766340883707,LIME,joy
depends,0.035828162117286365,LIME,joy
body,0.035619056023371065,LIME,joy
birthdays,0.035501389178885234,LIME,joy
yea,0.03549110589231143,LIME,joy
fancy,0.03521243388921412,LIME,joy
fella,0.035036650096985984,LIME,joy
FPTP,0.03501037196228657,LIME,joy
WolfDog,0.03496278251847636,LIME,joy
easily,0.03494301931928986,LIME,joy
oven,0.03488086131603021,LIME,joy
yes,0.03486751751770728,LIME,joy
war,0.034791705530421664,LIME,joy
case,0.0345705961410592,LIME,joy
made,0.03450136677516296,LIME,joy
got,0.03449410436865721,LIME,joy
completion,0.034375386669004276,LIME,joy
Fair,0.03427414663815549,LIME,joy
astounding,0.034213170783457564,LIME,joy
year,0.034088724369882195,LIME,joy
Surprisingly,0.033996622410568486,LIME,joy
80,0.033933920041407085,LIME,joy
banter,0.0335768218126051,LIME,joy
fan,0.03355986707953836,LIME,joy
legitimate,0.03347847213762586,LIME,joy
we,0.03339247103202036,LIME,joy
easier,0.03338286481859262,LIME,joy
Hall,0.03327077732585122,LIME,joy
Super,0.0332481544261279,LIME,joy
tomorrow,0.033089906807673264,LIME,joy
men,0.03298751082016228,LIME,joy
neutral,0.03290732758930018,LIME,joy
winrate,0.03289052953670902,LIME,joy
March,0.032587132023200856,LIME,joy
mine,0.032193961806959895,LIME,joy
NHL,0.03210312164841936,LIME,joy
crusty,0.031941327690942135,LIME,joy
sounds,0.03185833277274481,LIME,joy
documentary,0.03183694014072531,LIME,joy
buddy,0.03180575294936677,LIME,joy
understandable,0.0318044068199835,LIME,joy
might,0.031782941479974236,LIME,joy
surgeon,0.03173781509667417,LIME,joy
fairly,0.03168174059899119,LIME,joy
makes,0.03167662595074358,LIME,joy
guaranteed,0.03159273254639609,LIME,joy
childish,0.03131680209815863,LIME,joy
spidey,0.031170927842220256,LIME,joy
committed,0.031119078962715815,LIME,joy
advise,0.031087157995831564,LIME,joy
news,0.030851614992299905,LIME,joy
insane,0.03069625371665425,LIME,joy
Oh,0.030516298986819256,LIME,joy
Hybrids,0.030438078790457773,LIME,joy
definitely,0.03035554182546682,LIME,joy
watched,0.03033872113029766,LIME,joy
feeling,0.03030275230001124,LIME,joy
posture,0.030204763973723313,LIME,joy
story,0.03007835700682415,LIME,joy
sake,0.02990305024351901,LIME,joy
my,0.029780630240173453,LIME,joy
peers,0.02970553215269126,LIME,joy
singing,0.029541081783893936,LIME,joy
ohhh,0.029522434093451212,LIME,joy
fit,0.02951085564155337,LIME,joy
very,0.029490515177493022,LIME,joy
socialism,0.029427172441634356,LIME,joy
increase,0.029420063543870317,LIME,joy
brilliant,0.029347557357306518,LIME,joy
sound,0.029296645688757398,LIME,joy
characters,0.029274889343093125,LIME,joy
baby,0.029251916130585233,LIME,joy
risk,0.02916918788106041,LIME,joy
Dear,0.029080904626159455,LIME,joy
31,0.028927077115400848,LIME,joy
intellectually,0.028915318752649192,LIME,joy
tops,0.028904076729714068,LIME,joy
job,0.02886318960797719,LIME,joy
000,0.02884205983032427,LIME,joy
heeaaaaad,0.02878548080373313,LIME,joy
Ritalin,0.028684978343110998,LIME,joy
society,0.028547807642506445,LIME,joy
provided,0.02846154732975467,LIME,joy
available,0.028436227642148752,LIME,joy
watch,0.028339266400553828,LIME,joy
avoid,0.02833136553977832,LIME,joy
jump,0.02821934661169543,LIME,joy
schedule,0.028125734796756105,LIME,joy
catered,0.028122364768102093,LIME,joy
early,0.02802631673474793,LIME,joy
thats,0.028007000001148516,LIME,joy
Everything,0.02799820696787116,LIME,joy
Pretty,0.027967440552641033,LIME,joy
full,0.02795564208737521,LIME,joy
Yikes,0.027902786681309757,LIME,joy
can,0.027883391635645054,LIME,joy
combat,0.027875332758530883,LIME,joy
tastier,0.02785767677968558,LIME,joy
sane,0.027857207283626374,LIME,joy
stunning,0.027772894305754223,LIME,joy
15,0.02771319028083422,LIME,joy
moment,0.02769672152445615,LIME,joy
Well,0.02765176250304212,LIME,joy
hitter,0.02759545289157678,LIME,joy
dinosaur,0.02751436893950803,LIME,joy
surprises,0.027420244513114006,LIME,joy
honestly,0.02740710615536347,LIME,joy
Truly,0.027341607568448133,LIME,joy
deserves,0.0272381997418849,LIME,joy
game,0.027214322863398005,LIME,joy
point,0.02716083452043488,LIME,joy
beats,0.026767332803100903,LIME,joy
may,0.026733759076202908,LIME,joy
election,0.026706242331288,LIME,joy
tickets,0.026608338559393974,LIME,joy
sleepy,0.026403160305879837,LIME,joy
time,0.025961521626379533,LIME,joy
spirit,0.02576793294049015,LIME,joy
noticing,0.025697112860212905,LIME,joy
slightly,0.02567528731282367,LIME,joy
played,0.025641022147651266,LIME,joy
music,0.025611329981287873,LIME,joy
ladies,0.025600628205208257,LIME,joy
certainly,0.025591343395715564,LIME,joy
cognitive,0.025503681513582094,LIME,joy
affordability,0.025468892308248392,LIME,joy
Helps,0.025416082890938132,LIME,joy
exceptional,0.025278342387995263,LIME,joy
it,0.025167805588410117,LIME,joy
statement,0.02515268030446474,LIME,joy
wasn,0.02507534951048867,LIME,joy
guess,0.02504074430259817,LIME,joy
Can,0.024960422373960227,LIME,joy
totally,0.024943338999451628,LIME,joy
going,0.02482638051266409,LIME,joy
play,0.024766572119521435,LIME,joy
jazz,0.024739561313121612,LIME,joy
reckon,0.024719030794057566,LIME,joy
tried,0.024687459186686106,LIME,joy
Lets,0.02462331114737256,LIME,joy
back,0.024619849380643457,LIME,joy
Excellent,0.02461198386209672,LIME,joy
inevitable,0.024560934902049136,LIME,joy
worked,0.024492177660799336,LIME,joy
everyone,0.02442363173095626,LIME,joy
Doh,0.024274872976764256,LIME,joy
field,0.024157549316859962,LIME,joy
image,0.024044808983693815,LIME,joy
giving,0.0239047784249006,LIME,joy
Exactly,0.0238525468267483,LIME,joy
Watch,0.023832497740707573,LIME,joy
lemons,0.023821072681262007,LIME,joy
truth,0.023804504953430852,LIME,joy
rapidly,0.023748170852430462,LIME,joy
watching,0.023738011078543873,LIME,joy
stronger,0.023697333404775263,LIME,joy
world,0.023695716748364005,LIME,joy
Im,0.023687559979756533,LIME,joy
Lots,0.023672863071188183,LIME,joy
OW,0.023637258294906437,LIME,joy
LET,0.023635286311485433,LIME,joy
believe,0.023557848202603184,LIME,joy
advices,0.02342617484579532,LIME,joy
perfectly,0.023356354560365205,LIME,joy
answer,0.023353296903925447,LIME,joy
PLAY,0.023286014822822325,LIME,joy
practiced,0.023277648549736595,LIME,joy
gets,0.023272653409308314,LIME,joy
GANGSTER,0.023254107903451077,LIME,joy
start,0.023144546543953842,LIME,joy
eats,0.02307179579828372,LIME,joy
attracted,0.023015911554557584,LIME,joy
Seems,0.022998580498444353,LIME,joy
All,0.022990045995944557,LIME,joy
exited,0.022909759413837338,LIME,joy
Precisely,0.022900794605634014,LIME,joy
change,0.022828360691223404,LIME,joy
d,0.022763035362589334,LIME,joy
happen,0.022718542845368776,LIME,joy
banano,0.02268669295532404,LIME,joy
rest,0.02260145327677841,LIME,joy
desperately,0.022555396145464517,LIME,joy
understand,0.022528817801371774,LIME,joy
reminded,0.02251702003169733,LIME,joy
Wildrosers,0.022385113972011636,LIME,joy
visits,0.02235435977262338,LIME,joy
new,0.02226173114853103,LIME,joy
always,0.022232364872873056,LIME,joy
pretty,0.02222162120148966,LIME,joy
Twas,0.022144967430161668,LIME,joy
Supercuts,0.02211762442881442,LIME,joy
Asian,0.022091890106364916,LIME,joy
imagining,0.02205897548104856,LIME,joy
margin,0.02201608431844948,LIME,joy
swords,0.021925731350304668,LIME,joy
knows,0.02186681977097454,LIME,joy
Our,0.021700791374597704,LIME,joy
semblance,0.021598189889562355,LIME,joy
edgy,0.02159633794731302,LIME,joy
As,0.021537549002677587,LIME,joy
giver,0.02147796831211768,LIME,joy
suppose,0.021333973641004155,LIME,joy
expecting,0.021234741590991688,LIME,joy
correct,0.021227144893535086,LIME,joy
impressive,0.021194158702391303,LIME,joy
Toronto,0.021185216003132685,LIME,joy
tild,0.021099608720093966,LIME,joy
regenerates,0.02109797038817206,LIME,joy
make,0.0210251073718906,LIME,joy
hurt,0.0209709853020128,LIME,joy
thing,0.020952537603120526,LIME,joy
buds,0.020917567217421402,LIME,joy
convinced,0.020917440043321547,LIME,joy
suggestion,0.02090552915604285,LIME,joy
started,0.020784826799561142,LIME,joy
government,0.020700701272466714,LIME,joy
japanising,0.020618228103480202,LIME,joy
re,0.02045039579099666,LIME,joy
square,0.02044682126703016,LIME,joy
farm,0.020443456500243717,LIME,joy
Fart,0.020437195193025132,LIME,joy
nation,0.02042552183686109,LIME,joy
comfortable,0.020409720087604805,LIME,joy
making,0.02038792652293907,LIME,joy
cold,0.020328064711729463,LIME,joy
Totally,0.02032499106602637,LIME,joy
humor,0.020301461189537833,LIME,joy
loud,0.020292406792802517,LIME,joy
big,0.0202707025305141,LIME,joy
recreational,0.020260679360082138,LIME,joy
Although,0.020238895469551328,LIME,joy
saltiest,0.02022219585289855,LIME,joy
republic,0.020161640373570544,LIME,joy
shelf,0.020159893913813075,LIME,joy
Oscars,0.020108700631386277,LIME,joy
bowler,0.020038588804610964,LIME,joy
philosophical,0.020029642534493967,LIME,joy
risks,0.02001834685820316,LIME,joy
seat,0.020002935298469804,LIME,joy
unlikely,0.01996015245957969,LIME,joy
same,0.019899492296902417,LIME,joy
chance,0.01987812965443514,LIME,joy
weight,0.019846261146570315,LIME,joy
Especially,0.019768872710708946,LIME,joy
poses,0.019652163243024285,LIME,joy
value,0.019627973267788812,LIME,joy
4,0.019600088168359675,LIME,joy
episode,0.019531397636086217,LIME,joy
maybe,0.01947141815630154,LIME,joy
visit,0.01946244732140123,LIME,joy
lives,0.019293022531533807,LIME,joy
blanket,0.019284648545524717,LIME,joy
highly,0.01928358398710396,LIME,joy
penguin,0.019268234432568077,LIME,joy
planet,0.019223064089621475,LIME,joy
effectively,0.019210119371795134,LIME,joy
motivation,0.019172432732447817,LIME,joy
realise,0.01913528018045145,LIME,joy
decades,0.019133713088702386,LIME,joy
so,0.019130385814425638,LIME,joy
Outrageous,0.01912841107445768,LIME,joy
thinking,0.019100475158655553,LIME,joy
Target,0.019069809340275204,LIME,joy
sure,0.01903451384353367,LIME,joy
dog,0.019030090784647073,LIME,joy
Sunshine,0.01902949715732946,LIME,joy
do,0.01902796123007732,LIME,joy
chicken,0.019026779937814528,LIME,joy
octopus,0.01899704023372173,LIME,joy
lots,0.01899111415922211,LIME,joy
perspective,0.018943588650306417,LIME,joy
cheekbones,0.018934992540931898,LIME,joy
Colts,0.018911001655495533,LIME,joy
revelation,0.018793675443375377,LIME,joy
slow,0.018786781638598933,LIME,joy
clear,0.018648650894255984,LIME,joy
English,0.018631889267433144,LIME,joy
share,0.018586647375633335,LIME,joy
oh,0.01855978467159248,LIME,joy
wonder,0.018547545652626403,LIME,joy
vibe,0.018493242367725354,LIME,joy
rid,0.018472627865379468,LIME,joy
weekend,0.018411646429145778,LIME,joy
uber,0.0184085649963376,LIME,joy
helped,0.01840171700840961,LIME,joy
fight,0.018304903886795454,LIME,joy
survey,0.018269073312550493,LIME,joy
explore,0.018259879270837574,LIME,joy
adept,0.018216444702958082,LIME,joy
bong,0.018132887444245186,LIME,joy
suspicions,0.01811796536022003,LIME,joy
circle,0.018113024364025915,LIME,joy
1,0.018106485104028878,LIME,joy
legit,0.01809757900008602,LIME,joy
help,0.018093851727573308,LIME,joy
escaping,0.018059857149287296,LIME,joy
otherwise,0.017984004108241077,LIME,joy
Ah,0.017963396263203618,LIME,joy
myself,0.017875013428149428,LIME,joy
Gets,0.017786057526240132,LIME,joy
Mag,0.0177406556916875,LIME,joy
dreamed,0.017723238018440435,LIME,joy
affected,0.01771312744461466,LIME,joy
obviously,0.017705235779862247,LIME,joy
sport,0.0176779107591106,LIME,joy
me,0.01766633115614765,LIME,joy
gods,0.017658095930293986,LIME,joy
respect,0.017640685582922512,LIME,joy
lead,0.017619952245820074,LIME,joy
vibes,0.017567953448696133,LIME,joy
fitness,0.017517689098272005,LIME,joy
remember,0.01751232908819528,LIME,joy
far,0.017433944548511937,LIME,joy
existence,0.017418267161916582,LIME,joy
Chicken,0.017358985281143543,LIME,joy
balloons,0.01730121366144188,LIME,joy
provide,0.01726242581930664,LIME,joy
abnormal,0.0172525908516856,LIME,joy
cancer,0.017162403221134336,LIME,joy
often,0.017161190960596116,LIME,joy
kids,0.017085293945038167,LIME,joy
abilify,0.016957893389379978,LIME,joy
doccument,0.01687399124471485,LIME,joy
common,0.01687126238142663,LIME,joy
organization,0.016866628660290157,LIME,joy
reality,0.016848920027080036,LIME,joy
Equally,0.01683869349535491,LIME,joy
book,0.016793202404676136,LIME,joy
work,0.016788389111442342,LIME,joy
Sunday,0.01670434433221076,LIME,joy
much,0.01670279057467906,LIME,joy
enlighten,0.016691571451745917,LIME,joy
Of,0.016609495787942564,LIME,joy
MY,0.016500414890289937,LIME,joy
gain,0.01649331401154752,LIME,joy
about,0.01649279858797729,LIME,joy
google,0.01647540935176237,LIME,joy
reason,0.016471020856927723,LIME,joy
Kanye,0.0164311739639115,LIME,joy
victory,0.01628894732918036,LIME,joy
us,0.016068248908507856,LIME,joy
Looked,0.0160592139854823,LIME,joy
root,0.016057211511011436,LIME,joy
see,0.016041562727063346,LIME,joy
Poison,0.016041010256994927,LIME,joy
send,0.01602354007607546,LIME,joy
protect,0.015958433199710936,LIME,joy
Probably,0.01595504387268317,LIME,joy
enough,0.015951273958560122,LIME,joy
child,0.015895142242062676,LIME,joy
cakeday,0.015891275259138363,LIME,joy
Please,0.015861868154691313,LIME,joy
final,0.0158584927167205,LIME,joy
really,0.01582962822295937,LIME,joy
learn,0.015761015936518415,LIME,joy
hectic,0.015760081897676265,LIME,joy
leadership,0.01573416107121181,LIME,joy
our,0.01572755766069341,LIME,joy
paint,0.015671685360089182,LIME,joy
leading,0.015661912313513236,LIME,joy
replace,0.01565210377925992,LIME,joy
at,0.01565140348569843,LIME,joy
fried,0.015603771800185972,LIME,joy
simply,0.015589336051411856,LIME,joy
democratic,0.015586780721968804,LIME,joy
This,0.015586687049519168,LIME,joy
end,0.015580306786409488,LIME,joy
try,0.015572990699632805,LIME,joy
morning,0.015456742219524606,LIME,joy
others,0.015420674016750608,LIME,joy
LIFE,0.015411312168403683,LIME,joy
would,0.015378860721749321,LIME,joy
existed,0.015305851361985718,LIME,joy
card,0.015278660994617147,LIME,joy
blueberry,0.015259201129383096,LIME,joy
coolered,0.015201494674608972,LIME,joy
run,0.015180103490519486,LIME,joy
stated,0.015135311458533408,LIME,joy
That,0.01509991758835764,LIME,joy
politics,0.01508069203930114,LIME,joy
HI,0.015065829651539884,LIME,joy
density,0.015040081814857983,LIME,joy
lot,0.015032863938265004,LIME,joy
3,0.015025870846449492,LIME,joy
collection,0.015014604583826394,LIME,joy
done,0.014998828441768216,LIME,joy
credit,0.014945848281006957,LIME,joy
YOOOO,0.014930861328740353,LIME,joy
Us,0.014901873912021898,LIME,joy
silly,0.014900500570181089,LIME,joy
fever,0.014895140744093031,LIME,joy
fast,0.014796039310899217,LIME,joy
sausage,0.014708972935733691,LIME,joy
BOYS,0.014656659416525396,LIME,joy
wondering,0.014649353016020585,LIME,joy
Italian,0.014638390546015742,LIME,joy
get,0.014614124330153681,LIME,joy
guys,0.01459837227736146,LIME,joy
pull,0.014515770467426331,LIME,joy
Same,0.014466106840175108,LIME,joy
green,0.014406727105699306,LIME,joy
bath,0.014364169638195876,LIME,joy
analogy,0.01429972201751738,LIME,joy
Besides,0.014287521185176757,LIME,joy
plan,0.014183626548825283,LIME,joy
positive,0.014113228435386604,LIME,joy
up,0.014078399424831883,LIME,joy
visuals,0.014073588919263493,LIME,joy
Wrote,0.01402606211152992,LIME,joy
goof,0.013964066551924916,LIME,joy
m,0.013951584781431409,LIME,joy
fishing,0.013882824107823028,LIME,joy
Yankees,0.013859468981350494,LIME,joy
here,0.013816974244458097,LIME,joy
Heroin,0.013794796926960408,LIME,joy
Having,0.013783109437654381,LIME,joy
initially,0.013731006592187293,LIME,joy
tactician,0.013694211483541125,LIME,joy
Have,0.013672504485486243,LIME,joy
classic,0.013667095904157883,LIME,joy
D5100,0.013651195471266774,LIME,joy
jobs,0.013576062870629832,LIME,joy
believed,0.013443585790556644,LIME,joy
previous,0.01341431221785497,LIME,joy
points,0.013386664491203404,LIME,joy
specific,0.01337005979538856,LIME,joy
Law,0.01334876306769264,LIME,joy
costumize,0.013340392573764775,LIME,joy
older,0.013324939275061448,LIME,joy
runs,0.01326646066789511,LIME,joy
own,0.013253602747538241,LIME,joy
improve,0.01321026172824033,LIME,joy
tiers,0.013160412646975515,LIME,joy
towards,0.013147206687496618,LIME,joy
Q,0.013136016099710665,LIME,joy
choice,0.01303385190257564,LIME,joy
B,0.012957431361521884,LIME,joy
bsv,0.012871356366223267,LIME,joy
usually,0.012855255341382335,LIME,joy
these,0.012723842598502486,LIME,joy
design,0.012714146767544308,LIME,joy
Define,0.012708505374369466,LIME,joy
that,0.012699471012611062,LIME,joy
had,0.01267272545732678,LIME,joy
Pacers,0.012661364578456789,LIME,joy
more,0.012625063754586961,LIME,joy
3pm,0.012562038370579816,LIME,joy
professional,0.012559874997936416,LIME,joy
prices,0.012443180540504306,LIME,joy
first,0.012430894947945328,LIME,joy
obvious,0.01237537360463418,LIME,joy
butt,0.012362573803746788,LIME,joy
ever,0.012307576923390323,LIME,joy
podcast,0.012284158331402843,LIME,joy
liar,0.012258470073458807,LIME,joy
power,0.01219717597418201,LIME,joy
determines,0.012144117637062727,LIME,joy
Because,0.012133048271327539,LIME,joy
feelings,0.012109527573489185,LIME,joy
theres,0.01210543814856418,LIME,joy
proof,0.01210318985644393,LIME,joy
concerned,0.012068202579142966,LIME,joy
Canada,0.012054070441731873,LIME,joy
relation,0.012051728945559215,LIME,joy
add,0.011996070140635055,LIME,joy
go,0.011969655930697747,LIME,joy
girls,0.01196773720593361,LIME,joy
children,0.011955984959111135,LIME,joy
popular,0.011925861198671018,LIME,joy
especially,0.011884758898823235,LIME,joy
cry,0.011850167712452425,LIME,joy
a,0.011849052365162257,LIME,joy
Demolition,0.011814784720938434,LIME,joy
2nd,0.011812548349018757,LIME,joy
clone,0.011778666435121075,LIME,joy
team,0.011717969880379936,LIME,joy
most,0.011666234422854012,LIME,joy
bit,0.011662561284680465,LIME,joy
typically,0.01165337510275446,LIME,joy
Wait,0.011649096989659978,LIME,joy
Pro,0.011607215373584945,LIME,joy
grandma,0.011574524857080647,LIME,joy
group,0.011557835150522484,LIME,joy
satirical,0.011466699972831229,LIME,joy
Police,0.011446279424248753,LIME,joy
absolutely,0.01144587783866679,LIME,joy
saying,0.01140783302889359,LIME,joy
rights,0.011392343630327722,LIME,joy
At,0.011382953788305969,LIME,joy
all,0.01138254431657979,LIME,joy
Fortnitecompetitive,0.01134261557123921,LIME,joy
IANAL,0.011306183062958015,LIME,joy
Seriously,0.01124287288838137,LIME,joy
completely,0.0112373461027505,LIME,joy
jade,0.01122195208767366,LIME,joy
anymore,0.011209640569319812,LIME,joy
CPA,0.01119187165202423,LIME,joy
extremely,0.011168914767863329,LIME,joy
Bridge,0.011162484273470654,LIME,joy
sharing,0.011120993745123953,LIME,joy
cater,0.011066424305267138,LIME,joy
Improved,0.01106462434455863,LIME,joy
messaging,0.011062402040066832,LIME,joy
If,0.011042589908575977,LIME,joy
It,0.011031522716288768,LIME,joy
law,0.010978363662787231,LIME,joy
Typical,0.010942471210130256,LIME,joy
S,0.010933475295640392,LIME,joy
nNevada,0.010926334394551162,LIME,joy
cut,0.010925940039179299,LIME,joy
data,0.010924219950601992,LIME,joy
such,0.010919037946668476,LIME,joy
Alpha,0.010868540727089487,LIME,joy
cringiest,0.010866422352221995,LIME,joy
gotten,0.010861349548641663,LIME,joy
ordering,0.010796548828937493,LIME,joy
title,0.01078662079488815,LIME,joy
shot,0.010728604245679101,LIME,joy
moral,0.010698575519810063,LIME,joy
Dude,0.01063349457718443,LIME,joy
this,0.010586373478821446,LIME,joy
Brooklyn,0.010572314577245005,LIME,joy
once,0.010520295344700371,LIME,joy
massive,0.010516788289207895,LIME,joy
medicine,0.010516186767016523,LIME,joy
s,0.010501194069041517,LIME,joy
onto,0.010499901397847438,LIME,joy
hard,0.010474991530608758,LIME,joy
Riot,0.010452440275212294,LIME,joy
read,0.010443099335866587,LIME,joy
just,0.01043301706653611,LIME,joy
Except,0.0104172783745595,LIME,joy
7,0.010371311881141862,LIME,joy
6,0.010368032289597793,LIME,joy
ain,0.010361799493675288,LIME,joy
beforehand,0.010361199152804703,LIME,joy
kind,0.010357695527217112,LIME,joy
light,0.010312520995924676,LIME,joy
context,0.010299208797746057,LIME,joy
The,0.010284020059954402,LIME,joy
Just,0.010283444063518863,LIME,joy
coverage,0.010280650254574142,LIME,joy
background,0.010276771147008371,LIME,joy
loyal,0.010272580132895798,LIME,joy
So,0.010258123123421824,LIME,joy
removing,0.010231495369809643,LIME,joy
Nah,0.010230426882258335,LIME,joy
services,0.010179436363230066,LIME,joy
someone,0.01008766766526271,LIME,joy
have,0.01008099341442203,LIME,joy
boys,0.009998625682358191,LIME,joy
little,0.009984495010989638,LIME,joy
paying,0.009960315296993332,LIME,joy
coward,0.009949761091202217,LIME,joy
mandatory,0.009937219664808976,LIME,joy
2019,0.009935982360437993,LIME,joy
masochist,0.00992638969286126,LIME,joy
Development,0.00990044048614952,LIME,joy
10,0.009888427709988587,LIME,joy
There,0.009864997408184431,LIME,joy
Needs,0.009798818376000584,LIME,joy
core,0.009767398630563995,LIME,joy
bigger,0.009732772964726397,LIME,joy
malls,0.009719764058376096,LIME,joy
laser,0.009712031356964534,LIME,joy
prove,0.00969053854465993,LIME,joy
boogie,0.009679303678124753,LIME,joy
naturally,0.009679196777938786,LIME,joy
self,0.009670971389292028,LIME,joy
trigger,0.00966357289801822,LIME,joy
taking,0.009642513854859393,LIME,joy
moving,0.009608227017975783,LIME,joy
Always,0.00960537592360882,LIME,joy
after,0.00958172311719647,LIME,joy
report,0.00956859509274648,LIME,joy
butterfly,0.009549313801302826,LIME,joy
scene,0.009530237399622369,LIME,joy
gave,0.009527584047867268,LIME,joy
actively,0.009526354762559962,LIME,joy
articles,0.009501420425969492,LIME,joy
dandelions,0.009489345022232355,LIME,joy
Human,0.009488384398871196,LIME,joy
wild,0.00946387867314685,LIME,joy
an,0.009462824555098186,LIME,joy
original,0.009459910323252376,LIME,joy
Rounds,0.00945297635894964,LIME,joy
clarification,0.009434563505936144,LIME,joy
cities,0.009392922521631167,LIME,joy
politicians,0.009388727874543572,LIME,joy
HRC,0.009382976280115795,LIME,joy
likely,0.009375435134735582,LIME,joy
season,0.009352396979710142,LIME,joy
contraception,0.009351186926166086,LIME,joy
telling,0.009332837163645049,LIME,joy
possible,0.009301434093034725,LIME,joy
IT,0.009285910910152448,LIME,joy
quit,0.009269946428442413,LIME,joy
pregnant,0.009256133090595834,LIME,joy
find,0.009235778697565195,LIME,joy
yourself,0.009208432047175226,LIME,joy
fact,0.009178171599474243,LIME,joy
Anyways,0.009014854014569338,LIME,joy
korea,0.009014713195539266,LIME,joy
addictive,0.008993356207570781,LIME,joy
SUPER,0.008985795386713456,LIME,joy
other,0.00896836902224058,LIME,joy
Life,0.008964622482059722,LIME,joy
oil,0.008883542268203646,LIME,joy
recently,0.008882783963193521,LIME,joy
bring,0.0088731719972392,LIME,joy
ALL,0.008871955035687233,LIME,joy
Bro,0.008844101030093589,LIME,joy
26,0.008838203446401066,LIME,joy
Like,0.008831602013744446,LIME,joy
walls,0.008830380128811242,LIME,joy
buy,0.008722086005349555,LIME,joy
Only,0.00869826627682165,LIME,joy
Saints,0.00869816557139857,LIME,joy
blame,0.008692028626335793,LIME,joy
either,0.008676556379001351,LIME,joy
Drugs,0.008656188643875157,LIME,joy
come,0.008616440964900749,LIME,joy
standards,0.008502196428703238,LIME,joy
marvel,0.008453435949526163,LIME,joy
earth,0.008408479028761805,LIME,joy
together,0.008401481579944149,LIME,joy
figure,0.00839532191588559,LIME,joy
Uhhh,0.008336205289120035,LIME,joy
speculating,0.008295795933156989,LIME,joy
notice,0.008288448578530231,LIME,joy
members,0.008286840511275964,LIME,joy
ant,0.008279280563782071,LIME,joy
Eh,0.008229409982242154,LIME,joy
exists,0.008197310376931255,LIME,joy
been,0.008187727300586388,LIME,joy
could,0.008186050466593446,LIME,joy
operators,0.008168202808590123,LIME,joy
carries,0.008137699994372421,LIME,joy
OF,0.00812943336216116,LIME,joy
reached,0.008035698422872035,LIME,joy
for,0.00802877647203042,LIME,joy
countries,0.008024212831123987,LIME,joy
Shalom,0.008019237008361395,LIME,joy
then,0.008009645764525382,LIME,joy
Actually,0.007989336231723926,LIME,joy
tries,0.00795410144846907,LIME,joy
young,0.007944453611932514,LIME,joy
some,0.007926247357413973,LIME,joy
unless,0.00788376444014884,LIME,joy
argument,0.00788109634679893,LIME,joy
fans,0.007868236702708488,LIME,joy
ve,0.00784150815995734,LIME,joy
ended,0.007836159412266973,LIME,joy
open,0.007821707615841769,LIME,joy
symptoms,0.007797662711303941,LIME,joy
breathing,0.007791283413531091,LIME,joy
pro,0.007781832135648526,LIME,joy
exactly,0.00773859908687053,LIME,joy
does,0.007691393203185837,LIME,joy
reply,0.007666993414322646,LIME,joy
normies,0.007666617036904352,LIME,joy
pRoOf,0.0076480917809003375,LIME,joy
before,0.007609606232359172,LIME,joy
difference,0.007603664433627757,LIME,joy
if,0.0075661461935420836,LIME,joy
many,0.007554015775395384,LIME,joy
nurse,0.007548258307616248,LIME,joy
AKs,0.007515249813592274,LIME,joy
actually,0.007508813243588637,LIME,joy
peodphile,0.007500419591388145,LIME,joy
high,0.007474555071725092,LIME,joy
kinda,0.007469926181896912,LIME,joy
money,0.007463612499960782,LIME,joy
only,0.007447011894985595,LIME,joy
pure,0.007431816424246111,LIME,joy
adversely,0.007426577681416484,LIME,joy
night,0.007396171575499665,LIME,joy
anything,0.007374243829368781,LIME,joy
seems,0.0073665854528471835,LIME,joy
HotS,0.00735569108206955,LIME,joy
suburban,0.007346989790523904,LIME,joy
led,0.0073142042181385414,LIME,joy
rule,0.007304277359794929,LIME,joy
YOU,0.007249833226093228,LIME,joy
Found,0.007217246642605773,LIME,joy
to,0.007163651241457918,LIME,joy
trafficking,0.0071005765722487214,LIME,joy
farther,0.007038628024742518,LIME,joy
To,0.007026447875129843,LIME,joy
gloaming,0.0070130788494141005,LIME,joy
language,0.006996951853793775,LIME,joy
health,0.006958230704471005,LIME,joy
relationships,0.006943873633768703,LIME,joy
iRemindme,0.006941557050451593,LIME,joy
genuinely,0.0069153198706762824,LIME,joy
italian,0.00688238178921789,LIME,joy
contract,0.006877366355798764,LIME,joy
views,0.006870407363486239,LIME,joy
keep,0.006851306168123591,LIME,joy
Rangers,0.006850473277278536,LIME,joy
Mate,0.006837890850264646,LIME,joy
programmers,0.00675390472172358,LIME,joy
video,0.006747431913686972,LIME,joy
while,0.00674049033776031,LIME,joy
free,0.006725788320536963,LIME,joy
seeing,0.006707760921620409,LIME,joy
scroll,0.006702684606028944,LIME,joy
Usually,0.006684439294881578,LIME,joy
Your,0.00667119657285262,LIME,joy
Trump,0.006657741560356492,LIME,joy
hasn,0.006651825046820804,LIME,joy
specifically,0.006636409506390712,LIME,joy
f3,0.006626802579432872,LIME,joy
Most,0.006612437903960109,LIME,joy
elves,0.006597040972957125,LIME,joy
culture,0.006573611798703862,LIME,joy
breaking,0.006557101707851775,LIME,joy
bmi,0.006553939705234128,LIME,joy
white,0.006544879775308796,LIME,joy
bearing,0.006537977463243143,LIME,joy
Mornings,0.006537910646653406,LIME,joy
People,0.006527931991017141,LIME,joy
on,0.006511066007186783,LIME,joy
updated,0.006508735091756251,LIME,joy
attitude,0.006490609334410262,LIME,joy
part,0.006475436694624827,LIME,joy
publicity,0.006431976740631608,LIME,joy
handguns,0.006429052387449767,LIME,joy
online,0.006392462363199856,LIME,joy
matter,0.006323322787662538,LIME,joy
paintings,0.006319503645058563,LIME,joy
let,0.006278710653484739,LIME,joy
Nobody,0.006200355133751203,LIME,joy
schmancy,0.0061825551236125076,LIME,joy
implying,0.006165866055871185,LIME,joy
life,0.006134560779441058,LIME,joy
already,0.006083360988796012,LIME,joy
demonstrate,0.006081246399166876,LIME,joy
Mall,0.006051550033159113,LIME,joy
efficient,0.006048626281541354,LIME,joy
must,0.006000292536202432,LIME,joy
its,0.005952894373950763,LIME,joy
doing,0.005952622412720332,LIME,joy
Suffocation,0.005949985668252289,LIME,joy
justifies,0.005903749199982486,LIME,joy
bison,0.0058992554348727,LIME,joy
opening,0.005886600754408861,LIME,joy
ground,0.005848486728342479,LIME,joy
Patriots,0.005815468047849631,LIME,joy
summer,0.0057998757327550315,LIME,joy
there,0.005787157795843211,LIME,joy
Even,0.005764993635155374,LIME,joy
Saw,0.005762868101484295,LIME,joy
BF3,0.005747530234125004,LIME,joy
correction,0.005730279627020698,LIME,joy
Everyone,0.005712114109603866,LIME,joy
Seeing,0.005709658609588726,LIME,joy
improved,0.005697546503785468,LIME,joy
town,0.005682126734281921,LIME,joy
tripping,0.0056710130458880875,LIME,joy
MAMA,0.005664095858691292,LIME,joy
basically,0.005655391600320633,LIME,joy
wouldn,0.0056531790713484934,LIME,joy
internet,0.00564818618645194,LIME,joy
suit,0.0056232076477434135,LIME,joy
again,0.0056157591518815105,LIME,joy
looks,0.0055632608808573155,LIME,joy
look,0.005562869704869345,LIME,joy
asthma,0.005536392572968107,LIME,joy
IASIP,0.005514898913321794,LIME,joy
jargon,0.0055094281596453284,LIME,joy
Hmm,0.005507086077803779,LIME,joy
one,0.00550505068905602,LIME,joy
theory,0.0054989906199774015,LIME,joy
beacon,0.005492608010908253,LIME,joy
RADITZ,0.0054789922217994246,LIME,joy
Beach,0.005431375936313741,LIME,joy
treat,0.005403219199127962,LIME,joy
clinics,0.005402229547926146,LIME,joy
bears,0.0053686315318525624,LIME,joy
NEIGHBORHOOD,0.005351871911973728,LIME,joy
deduction,0.00535076163959707,LIME,joy
fandom,0.005311844840327583,LIME,joy
Now,0.00530949500597851,LIME,joy
was,0.005260136911715581,LIME,joy
dumbest,0.005207338074271229,LIME,joy
soil,0.005198821916127329,LIME,joy
were,0.005198770053474185,LIME,joy
OUR,0.005188883169085556,LIME,joy
service,0.0051838383149336335,LIME,joy
sign,0.005176546621523303,LIME,joy
home,0.005168598504951538,LIME,joy
has,0.005161480030078487,LIME,joy
FEEL,0.005147696455257704,LIME,joy
side,0.005107560594472759,LIME,joy
set,0.0050931471233573895,LIME,joy
mod,0.005077177929288984,LIME,joy
tail,0.005055887663748821,LIME,joy
grill,0.005055621691232345,LIME,joy
ours,0.005051232070490627,LIME,joy
heads,0.005022531708616121,LIME,joy
next,0.004978577375045894,LIME,joy
Pats,0.004932472446290229,LIME,joy
instead,0.004891524854351111,LIME,joy
take,0.004888152380323303,LIME,joy
MIDDLE,0.004864509358379525,LIME,joy
America,0.00484274777050358,LIME,joy
allow,0.004841957689584543,LIME,joy
option,0.004816291536098337,LIME,joy
still,0.004802513313801527,LIME,joy
version,0.004734917767973435,LIME,joy
tournament,0.004729709868773529,LIME,joy
later,0.004715518850042431,LIME,joy
level,0.004668405791564081,LIME,joy
needs,0.004610067213063126,LIME,joy
Hi,0.004564938168431673,LIME,joy
Wrong,0.004557517146355988,LIME,joy
trio,0.004549806010059615,LIME,joy
Here,0.004534474149809611,LIME,joy
realize,0.004523123905935572,LIME,joy
2007,0.004506467431915736,LIME,joy
arrest,0.00448022406071414,LIME,joy
is,0.004471995106268326,LIME,joy
singleplayer,0.004416775206215173,LIME,joy
any,0.004380628175379739,LIME,joy
way,0.004379249428909394,LIME,joy
population,0.004360634632206056,LIME,joy
third,0.004334264023790302,LIME,joy
twist,0.004329214780460082,LIME,joy
seem,0.0043217956228260935,LIME,joy
errands,0.0042957066460816845,LIME,joy
expected,0.004288030672132591,LIME,joy
be,0.004284819031147995,LIME,joy
said,0.004269832486900525,LIME,joy
seconds,0.004253668098417126,LIME,joy
two,0.004243531788024659,LIME,joy
Given,0.004238088050045243,LIME,joy
paragraph,0.004165205193179253,LIME,joy
laws,0.0041586520579762545,LIME,joy
meeting,0.004154877069868838,LIME,joy
know,0.004149618171941242,LIME,joy
sense,0.004144394901108976,LIME,joy
the,0.00411262136304143,LIME,joy
caught,0.0041099493467672155,LIME,joy
checked,0.004102834037359455,LIME,joy
isis,0.004100824066713084,LIME,joy
son,0.004098918685231945,LIME,joy
hat,0.004046143127459383,LIME,joy
iirc,0.00403581630742771,LIME,joy
sir,0.003958915520387729,LIME,joy
painted,0.003933418588815583,LIME,joy
Nice,0.003928669162012406,LIME,joy
directions,0.003921759506428161,LIME,joy
Wuf,0.003916583550927077,LIME,joy
masterrace,0.0039090377757321,LIME,joy
budget,0.003841397085622981,LIME,joy
8,0.0037896822601577794,LIME,joy
withdrawal,0.0037676600932625708,LIME,joy
flu,0.0037408000389009184,LIME,joy
those,0.0036757668761023907,LIME,joy
IS,0.0036595377011251953,LIME,joy
window,0.0036534224028503563,LIME,joy
believewoman,0.003650761972009798,LIME,joy
cast,0.0036255677538686087,LIME,joy
office,0.003620305731916827,LIME,joy
slept,0.003617912277207491,LIME,joy
Kinda,0.0036152524616357086,LIME,joy
gif,0.003613808582474143,LIME,joy
retirement,0.0036056802188489676,LIME,joy
wing,0.0035721072441410387,LIME,joy
Party,0.0035720187057537867,LIME,joy
safety,0.0035712729459968927,LIME,joy
state,0.003560598064756339,LIME,joy
blowing,0.003557835826404917,LIME,joy
deep,0.0035563727348589856,LIME,joy
heart,0.003508375616442902,LIME,joy
chef,0.003493162906594171,LIME,joy
Wrecking,0.0034542641305466376,LIME,joy
commercial,0.003446853617081008,LIME,joy
sonic,0.0034459317446346267,LIME,joy
35,0.0034423799111660642,LIME,joy
AIR,0.0034320745377347506,LIME,joy
shortly,0.003431163304679153,LIME,joy
Rivendell,0.00342063174885483,LIME,joy
you,0.003416221307889752,LIME,joy
2,0.0034150510689195616,LIME,joy
handouts,0.003411859009831633,LIME,joy
Big,0.003409615508452821,LIME,joy
yup,0.003404566942153116,LIME,joy
usual,0.0033366176259678453,LIME,joy
jumping,0.0033079446845003563,LIME,joy
steal,0.0033053881462060033,LIME,joy
memeorable,0.003279664071234405,LIME,joy
muricans,0.0032784438293094968,LIME,joy
tastes,0.0032483393697658783,LIME,joy
16,0.003247001093167307,LIME,joy
audible,0.0032129023115782334,LIME,joy
expansive,0.003210509464068117,LIME,joy
games,0.003202785765103166,LIME,joy
regular,0.0032000375169932106,LIME,joy
100,0.0031932394700549195,LIME,joy
turned,0.0031916484898656524,LIME,joy
trying,0.00318555807495563,LIME,joy
Under,0.0031770215319114423,LIME,joy
talking,0.003175100768419868,LIME,joy
Nvm,0.0031582958747803885,LIME,joy
included,0.003139964412372248,LIME,joy
in,0.0031252992414333752,LIME,joy
example,0.003122721552636313,LIME,joy
dc,0.003120908076003664,LIME,joy
undisputed,0.0031164997574082863,LIME,joy
trade,0.003099025696571604,LIME,joy
Follow,0.003088553603273916,LIME,joy
independence,0.003071850414322421,LIME,joy
penis,0.0030711040745058393,LIME,joy
circumstance,0.003065399084109451,LIME,joy
Sandwich,0.0030211233767971782,LIME,joy
timeout,0.0030106289846414105,LIME,joy
43,0.00300307428396519,LIME,joy
Getting,0.0029970755072537387,LIME,joy
vids,0.002990470959441419,LIME,joy
tennis,0.0029743143939986536,LIME,joy
cannot,0.0029695591900955327,LIME,joy
real,0.0029539995306807096,LIME,joy
commentating,0.002903757443489714,LIME,joy
called,0.00288693781370087,LIME,joy
wage,0.002884018573018124,LIME,joy
pharma,0.0028746649578564078,LIME,joy
minimum,0.002872894550100181,LIME,joy
offer,0.002862971669709705,LIME,joy
invariably,0.0028629082216336398,LIME,joy
conservative,0.002850718347649073,LIME,joy
backup,0.0028306754041041637,LIME,joy
Michigan,0.0028033310278767222,LIME,joy
25,0.0028002693834065524,LIME,joy
Kitchen,0.0027854521057224073,LIME,joy
sudden,0.002781276972162258,LIME,joy
idea,0.0027598118506937863,LIME,joy
lesbian,0.002759691398758975,LIME,joy
r,0.0027503698620007823,LIME,joy
Instead,0.0027428826175101505,LIME,joy
becomes,0.0027158533137564087,LIME,joy
yrs,0.0027020861417293525,LIME,joy
basis,0.002688750338387253,LIME,joy
facts,0.002672340787982952,LIME,joy
Penis,0.0026720162680026254,LIME,joy
trophy,0.002639897557895088,LIME,joy
engine,0.002631920710631836,LIME,joy
weren,0.0026306632267976563,LIME,joy
mob,0.002620593210019652,LIME,joy
2005,0.0026141736986857412,LIME,joy
Fans,0.0025773360061262535,LIME,joy
something,0.002539380768414838,LIME,joy
reading,0.002535719878750508,LIME,joy
red,0.0025260048886910705,LIME,joy
TV,0.0025201432900014047,LIME,joy
movements,0.0025099312337423605,LIME,joy
What,0.002506991677955188,LIME,joy
tall,0.0025058748120040672,LIME,joy
angelic,0.002496116984696817,LIME,joy
yet,0.0024820979866651393,LIME,joy
unsee,0.0024705732514134905,LIME,joy
mobile,0.0024562662846109866,LIME,joy
now,0.0024553033749890145,LIME,joy
spoilers,0.002441610841137641,LIME,joy
shouldn,0.002431700492188548,LIME,joy
filming,0.0024243722142896747,LIME,joy
also,0.0024206554365930324,LIME,joy
turkey,0.002406608468102098,LIME,joy
Story,0.002403171699195487,LIME,joy
antisemitism,0.002393351353545598,LIME,joy
Season,0.0023869844205811315,LIME,joy
drugs,0.0023835190638816102,LIME,joy
drag,0.002365991135441381,LIME,joy
erection,0.002359772314468804,LIME,joy
head,0.0023094313126262502,LIME,joy
Catch,0.002302445369745913,LIME,joy
untouched,0.0022634555886267846,LIME,joy
aren,0.0022588386516844425,LIME,joy
the_donald,0.002242297786677344,LIME,joy
British,0.0022354390251327133,LIME,joy
inn,0.00222700745520691,LIME,joy
almost,0.0022125902743004005,LIME,joy
water,0.0021941118259191554,LIME,joy
Wisconsin,0.002191322163648472,LIME,joy
released,0.0021883846725589485,LIME,joy
smh,0.002186957560580326,LIME,joy
score,0.002157226147563951,LIME,joy
Full,0.0021134247186907792,LIME,joy
Pittsburgh,0.0020939936099633556,LIME,joy
xBB,0.002079381181273569,LIME,joy
disagree,0.002077584203302801,LIME,joy
China,0.0020451275896208043,LIME,joy
Neither,0.0020385086019273253,LIME,joy
plates,0.0020293045232754573,LIME,joy
mom,0.002028611422364845,LIME,joy
practice,0.002021449448833694,LIME,joy
Juju,0.0019682338045841448,LIME,joy
But,0.001966875306728141,LIME,joy
besides,0.0019437811780706324,LIME,joy
COOKIE,0.0019036357618900338,LIME,joy
need,0.0018904960842756602,LIME,joy
For,0.0018858856050795014,LIME,joy
Grammar,0.0018795573383432486,LIME,joy
memory,0.0018421779128688714,LIME,joy
69turds,0.0018381969631051857,LIME,joy
flavors,0.0018277972275625792,LIME,joy
link,0.0018216883613783796,LIME,joy
include,0.0018201152997039248,LIME,joy
dad,0.0018009367685115297,LIME,joy
too,0.001786187565404373,LIME,joy
assuming,0.001779188548283175,LIME,joy
cats,0.0017650534456585746,LIME,joy
majority,0.001759161126151522,LIME,joy
of,0.0017227396273622629,LIME,joy
Earth,0.0017225672091066234,LIME,joy
except,0.0017013484903765155,LIME,joy
DeKalb,0.0016723942581599453,LIME,joy
similar,0.0016598037019101102,LIME,joy
aiming,0.0016395040055468644,LIME,joy
In,0.0016294158053914262,LIME,joy
DONT,0.0016270932189405177,LIME,joy
flamingo,0.00162528356300058,LIME,joy
days,0.0016250455952320666,LIME,joy
math,0.0015963815987735605,LIME,joy
various,0.0015929889928640464,LIME,joy
smoke,0.0015626657468777053,LIME,joy
One,0.0015617357189570788,LIME,joy
hand,0.0015543012727547312,LIME,joy
Also,0.0015006703532181216,LIME,joy
fifth,0.001457983707513712,LIME,joy
because,0.0014059354742811951,LIME,joy
Tell,0.0013763455730018204,LIME,joy
supporters,0.001374904243337425,LIME,joy
Higher,0.0013739198558508615,LIME,joy
until,0.0013472622858008015,LIME,joy
kiss,0.0013271929274043925,LIME,joy
plastic,0.0012639866274169438,LIME,joy
gap,0.0011988573467528246,LIME,joy
Reddit,0.0011825315335190116,LIME,joy
fiancé,0.0011819807033594237,LIME,joy
sincerely,0.0011431967532703519,LIME,joy
THE,0.0011430930116701262,LIME,joy
mother,0.0011309406480547043,LIME,joy
gorgeous,0.0011091474890838338,LIME,joy
stitches,0.0011074468765459526,LIME,joy
Europe,0.0011022322171449382,LIME,joy
taken,0.0011022142589184733,LIME,joy
Thy,0.0010823513622426992,LIME,joy
Jilliac,0.0010718240431539373,LIME,joy
touch,0.0010534603146154574,LIME,joy
act,0.001040398906224304,LIME,joy
running,0.0010316314409445626,LIME,joy
rodeo,0.0009999486435476644,LIME,joy
base,0.0009956036005946245,LIME,joy
MAN,0.0009931278282237902,LIME,joy
family,0.000988042769629252,LIME,joy
spoon,0.0009481026523127829,LIME,joy
flag,0.0009175273597396854,LIME,joy
legal,0.000894735236988619,LIME,joy
blue,0.0008564793935269545,LIME,joy
subscribe,0.0008452362334079515,LIME,joy
eat,0.0008384713363881629,LIME,joy
Giant,0.000821682069439156,LIME,joy
dude,0.000805252489888313,LIME,joy
kroc,0.0007757448541688667,LIME,joy
UNCLE,0.0007568085306768801,LIME,joy
dwarfism,0.0007512003924685616,LIME,joy
ma,0.0007341466650927877,LIME,joy
ago,0.0007247147155717539,LIME,joy
max,0.0007136184012561938,LIME,joy
places,0.0007028835663479677,LIME,joy
COW,0.0006836851414315466,LIME,joy
than,0.00067822991777019,LIME,joy
Guess,0.0006640619142591171,LIME,joy
overlords,0.0006516122661687913,LIME,joy
with,0.000640979291935254,LIME,joy
telepathically,0.0006211253781387912,LIME,joy
Whatever,0.0006066039025446929,LIME,joy
Keemun,0.0005936520148997448,LIME,joy
house,0.0005571082447993759,LIME,joy
want,0.0005328657208485797,LIME,joy
hazard,0.0005229223749616698,LIME,joy
songs,0.0005157385273218086,LIME,joy
Uh,0.00048682358070184766,LIME,joy
badly,0.00045183361421473507,LIME,joy
Could,0.0004285106281963886,LIME,joy
Gillette,0.0004120593488854676,LIME,joy
establishment,0.000405494343695175,LIME,joy
physically,0.00040535224430160037,LIME,joy
cumosaurusgaysex,0.0004048934057825899,LIME,joy
declare,0.00038862234140453055,LIME,joy
apologies,0.00036107809198016565,LIME,joy
7am,0.0003588254204892708,LIME,joy
Look,0.00035478060468466087,LIME,joy
closet,0.0003537856009106155,LIME,joy
EFFIN,0.0003349993333253029,LIME,joy
Really,0.00032751395000190525,LIME,joy
attack,0.0003149214389060913,LIME,joy
being,0.0002975854012391879,LIME,joy
drug,0.00024885770221759815,LIME,joy
throbbing,0.00021342865726691634,LIME,joy
belongs,0.00018577427343484154,LIME,joy
jack,0.00017963487738538087,LIME,joy
OP,0.00017328995673622787,LIME,joy
even,0.00015944236185834817,LIME,joy
beat,0.00015803608788775726,LIME,joy
Turd,0.00015648733794145482,LIME,joy
your,0.0001450496499103725,LIME,joy
cars,0.00013698923201111053,LIME,joy
missed,0.00011812347153274073,LIME,joy
dogs,9.829209836690583e-05,LIME,joy
pallet,8.002866393340955e-05,LIME,joy
company,6.712756493506441e-05,LIME,joy
listening,4.8002518796311634e-05,LIME,joy
Cut,4.429554145151097e-05,LIME,joy
milk,4.395224214535801e-05,LIME,joy
whole,3.991469565930248e-05,LIME,joy
controller,3.10226639493339e-05,LIME,joy
ALLEN,-4.829448042145943e-05,LIME,joy
fork,-5.8256525893324784e-05,LIME,joy
brother,-8.542973919901732e-05,LIME,joy
remotely,-9.561540502201443e-05,LIME,joy
and,-0.00010169292549750193,LIME,joy
everyones,-0.00013227046634675739,LIME,joy
hear,-0.0001452412937598983,LIME,joy
tubes,-0.00022834463857831266,LIME,joy
A,-0.00023932815737517162,LIME,joy
getting,-0.0002551670300677007,LIME,joy
UBI,-0.0002603286380348969,LIME,joy
particularly,-0.0003047384539440871,LIME,joy
brick,-0.00031542750639906424,LIME,joy
bugs,-0.00032519740321894456,LIME,joy
black,-0.0003253386960023492,LIME,joy
reddit,-0.0003486975378317733,LIME,joy
leppo,-0.000366465696162149,LIME,joy
BROWN,-0.0004238135171217848,LIME,joy
Far,-0.00044171672491000847,LIME,joy
minority,-0.0005401648082285474,LIME,joy
troll,-0.0005479667837779009,LIME,joy
prayers,-0.0005543183192692396,LIME,joy
unleashed,-0.0005717440296483942,LIME,joy
Them,-0.0006184684731485129,LIME,joy
source,-0.0006353622183461995,LIME,joy
bitch,-0.0006365123470571034,LIME,joy
creatures,-0.0006585117707947872,LIME,joy
terrorists,-0.0006952204452707817,LIME,joy
phrases,-0.0007025022188302964,LIME,joy
amirite,-0.0007133160963260374,LIME,joy
seen,-0.0007186883692251519,LIME,joy
12,-0.0007258106925741262,LIME,joy
rivet,-0.000727571175386085,LIME,joy
lizards,-0.0007319967317195827,LIME,joy
bust,-0.0007325959714287825,LIME,joy
Noctis,-0.0007413373795838678,LIME,joy
tied,-0.0007433633545125117,LIME,joy
choices,-0.0007465928467494236,LIME,joy
are,-0.0007504444656255103,LIME,joy
Muscles,-0.0007566209881832936,LIME,joy
RDR,-0.0007675851937928493,LIME,joy
oddly,-0.000767960279704841,LIME,joy
stand,-0.0007744260607126323,LIME,joy
shrink,-0.000806462047056811,LIME,joy
hours,-0.0008556773490382624,LIME,joy
picture,-0.0008609716407282947,LIME,joy
fapoon,-0.0008863828822039995,LIME,joy
but,-0.0008978555689755658,LIME,joy
phrase,-0.0009009105147881094,LIME,joy
adderall,-0.0009064665575054813,LIME,joy
whatever,-0.000914315871135516,LIME,joy
SAY,-0.0009581019296428621,LIME,joy
age,-0.0009724567676183662,LIME,joy
Ball,-0.0009768211766094316,LIME,joy
venting,-0.000981168092730046,LIME,joy
saw,-0.0009920881687138887,LIME,joy
90s,-0.0009985878120408517,LIME,joy
girl,-0.0010146715189198663,LIME,joy
Dog,-0.0010292340348334345,LIME,joy
The_Donald,-0.0010490362529480088,LIME,joy
turns,-0.0010803545190084946,LIME,joy
car,-0.0010878466015547884,LIME,joy
Douche,-0.0011295860544240442,LIME,joy
foul,-0.0011763112078257555,LIME,joy
Shot,-0.0011882764215783357,LIME,joy
spends,-0.0011938331619356852,LIME,joy
outside,-0.0011950371278948132,LIME,joy
Being,-0.0012427717552650369,LIME,joy
mud,-0.0012549926147043047,LIME,joy
irrational,-0.0012561226407424794,LIME,joy
AR,-0.001269156149442393,LIME,joy
strangers,-0.0012740456410534145,LIME,joy
literally,-0.0012750468081983285,LIME,joy
w,-0.001289727015111732,LIME,joy
haven,-0.0013315230184201892,LIME,joy
prefer,-0.0013700754990309209,LIME,joy
WITH,-0.0013816433538473782,LIME,joy
forced,-0.0013820876788379218,LIME,joy
few,-0.0013862916222503502,LIME,joy
around,-0.00138855791901972,LIME,joy
letting,-0.0014013882077417688,LIME,joy
murder,-0.0014152196945776152,LIME,joy
sin,-0.0014256131942129255,LIME,joy
Fluoride,-0.0014260761058660866,LIME,joy
fightin,-0.0014446245427833795,LIME,joy
pleaded,-0.0014835553638709055,LIME,joy
downvotes,-0.0014903767943381285,LIME,joy
low,-0.001509007707173847,LIME,joy
Pfft,-0.001510367811804688,LIME,joy
person,-0.0015129265885396685,LIME,joy
authority,-0.0015213966442129384,LIME,joy
Tyler,-0.0015245801801622879,LIME,joy
Last,-0.0015304089224807364,LIME,joy
insult,-0.0015343637915677343,LIME,joy
dark,-0.001554633472232728,LIME,joy
Buster,-0.001558369708108824,LIME,joy
Mob,-0.0015617670971192106,LIME,joy
locked,-0.001562082431310454,LIME,joy
walks,-0.0015873009607244243,LIME,joy
Df1,-0.001607735678686639,LIME,joy
pies,-0.0016185201047672114,LIME,joy
sister,-0.0016332162296628528,LIME,joy
necrophiliac,-0.0016420221491188955,LIME,joy
Stanley,-0.0016781896432527578,LIME,joy
rude,-0.0016915327724579005,LIME,joy
incel,-0.0017179733281415574,LIME,joy
think,-0.0017505688595380452,LIME,joy
defensive,-0.0017677080223197556,LIME,joy
social,-0.0017757028031078605,LIME,joy
click,-0.0017994940554464259,LIME,joy
IN,-0.001805742755369216,LIME,joy
Babylon,-0.0018514711153948483,LIME,joy
Meat,-0.0018754056312790656,LIME,joy
photo,-0.0019063944049449682,LIME,joy
entered,-0.0019148129070873595,LIME,joy
test,-0.0019301355814909501,LIME,joy
wall,-0.0019380359776326002,LIME,joy
without,-0.0019425783601288975,LIME,joy
Does,-0.0019656271503547358,LIME,joy
Dave,-0.0019788080180840923,LIME,joy
thrown,-0.0019881146092102495,LIME,joy
whoosh,-0.0019968852324767105,LIME,joy
name,-0.0020002333256624386,LIME,joy
cheese,-0.0020448540813799185,LIME,joy
undressing,-0.0020582132399474774,LIME,joy
beating,-0.002078911521170657,LIME,joy
Skip,-0.002084366804156703,LIME,joy
formats,-0.002185585540838674,LIME,joy
Isles,-0.00218700308032203,LIME,joy
history,-0.0021881432620960133,LIME,joy
hated,-0.002188949961320328,LIME,joy
Who,-0.002221452158401824,LIME,joy
calling,-0.0022394160968581224,LIME,joy
biggest,-0.002290465457100449,LIME,joy
swear,-0.002293129453027423,LIME,joy
vicarious,-0.00232854264307508,LIME,joy
boyfriend,-0.0023328969008871506,LIME,joy
entire,-0.0023357337662201568,LIME,joy
grow,-0.002363196127290717,LIME,joy
showing,-0.0023780524778402,LIME,joy
posted,-0.0023842338162397797,LIME,joy
purchase,-0.002394070764620877,LIME,joy
BBC,-0.0024519720023264266,LIME,joy
media,-0.0024722438873237495,LIME,joy
complex,-0.0024805561377711526,LIME,joy
SAP,-0.0025011509987644116,LIME,joy
building,-0.00251042397955002,LIME,joy
downvote,-0.002519025434413749,LIME,joy
creeps,-0.0025236747430604136,LIME,joy
holes,-0.0025502999365204946,LIME,joy
Apparently,-0.002551073336859593,LIME,joy
wrote,-0.0026111203433576884,LIME,joy
removed,-0.0026462612656789537,LIME,joy
his,-0.0026539567341209535,LIME,joy
fiancee,-0.0026577806978770875,LIME,joy
gun,-0.002675249934809701,LIME,joy
ripped,-0.0027083564033785717,LIME,joy
raided,-0.002720678668843425,LIME,joy
Awesome,-0.002725674930980679,LIME,joy
You,-0.002741786921421788,LIME,joy
move,-0.0027722389306618373,LIME,joy
Women,-0.0027893213575355003,LIME,joy
lonely,-0.0027934032935631047,LIME,joy
blew,-0.002799106793215986,LIME,joy
doctor,-0.002809116034893958,LIME,joy
Pop,-0.00283916652453068,LIME,joy
negativity,-0.002843250834759701,LIME,joy
though,-0.002853466275628954,LIME,joy
meal,-0.0028769696680731277,LIME,joy
per,-0.0028779472622971537,LIME,joy
burden,-0.002904076809288274,LIME,joy
across,-0.0029066222541474463,LIME,joy
tbf,-0.0029136851268226397,LIME,joy
brawls,-0.0029401141674445293,LIME,joy
Pray,-0.0029735736367383693,LIME,joy
stolen,-0.0029971507707166447,LIME,joy
comment,-0.0030042318029755003,LIME,joy
serious,-0.003012606677822124,LIME,joy
bought,-0.003033133560595249,LIME,joy
mt,-0.0030504067370538445,LIME,joy
Xcept,-0.003068037350072439,LIME,joy
turn,-0.0030943538696494135,LIME,joy
SAID,-0.0031029056173016846,LIME,joy
Cs,-0.0031085407059926926,LIME,joy
JAR,-0.0031159728764787093,LIME,joy
away,-0.00321138368810751,LIME,joy
slandered,-0.0032286303498668453,LIME,joy
exterminating,-0.003263768016931816,LIME,joy
ankle,-0.003267465086233149,LIME,joy
17,-0.0032687308391393974,LIME,joy
cost,-0.003286149503923342,LIME,joy
bunch,-0.003294487285905938,LIME,joy
term,-0.003297679957786878,LIME,joy
create,-0.0033225406524013163,LIME,joy
date,-0.0033631455747744686,LIME,joy
Liberal,-0.00336358250247915,LIME,joy
Hell,-0.0033846967564345114,LIME,joy
parity,-0.0033908226855091034,LIME,joy
humiliation,-0.0034222674981999016,LIME,joy
Bruh,-0.0034392003958950775,LIME,joy
anyone,-0.0034499917203021104,LIME,joy
metaphors,-0.003451242054380239,LIME,joy
Behavior,-0.0034554910347043655,LIME,joy
criticism,-0.0034593787903764504,LIME,joy
mr,-0.003527483626203529,LIME,joy
pulled,-0.003536462440807578,LIME,joy
dumber,-0.0035499209646140096,LIME,joy
information,-0.003593106087644787,LIME,joy
ITT,-0.003595837955197702,LIME,joy
give,-0.0036178314410123106,LIME,joy
FIRED,-0.0036189609400977068,LIME,joy
Fuck,-0.0036191617655557543,LIME,joy
told,-0.0036436791090552817,LIME,joy
Desperate,-0.003645798917122976,LIME,joy
players,-0.0036868375408769544,LIME,joy
people,-0.003689199439117269,LIME,joy
posts,-0.0037450996840716964,LIME,joy
poke,-0.003778141365480282,LIME,joy
fall,-0.0038169891334994687,LIME,joy
kick,-0.003829490635311445,LIME,joy
parents,-0.0038485003635685064,LIME,joy
hell,-0.0038553065204277527,LIME,joy
Go,-0.003855869474376474,LIME,joy
talk,-0.0038719353968178424,LIME,joy
DMs,-0.0038860442618696388,LIME,joy
When,-0.003922461392888934,LIME,joy
HANDS,-0.003925169955878937,LIME,joy
bar,-0.003994168779998367,LIME,joy
scaredy,-0.004001842710373315,LIME,joy
OZ,-0.004006307507617869,LIME,joy
instant,-0.004042517781803046,LIME,joy
mean,-0.004047777560751495,LIME,joy
ahem,-0.00407275441117556,LIME,joy
aware,-0.004180530300488964,LIME,joy
GUN,-0.004206905282218143,LIME,joy
negotiations,-0.004207373612506769,LIME,joy
tho,-0.004217331160306298,LIME,joy
page,-0.004220828100082851,LIME,joy
Parliament,-0.004241769415714783,LIME,joy
tolerated,-0.004253737047435369,LIME,joy
Steam,-0.004268266717974075,LIME,joy
against,-0.00428434327293051,LIME,joy
18,-0.004292846734826446,LIME,joy
knife,-0.004367670015822533,LIME,joy
dissonance,-0.004382562201420986,LIME,joy
women,-0.004401011527916902,LIME,joy
wanted,-0.004413259497060879,LIME,joy
flaws,-0.004415149268478656,LIME,joy
Doesn,-0.004429605638494845,LIME,joy
wont,-0.004496339746623529,LIME,joy
gold,-0.004514354794038612,LIME,joy
xBF,-0.004523754545897074,LIME,joy
Orlando,-0.004528846728933901,LIME,joy
urged,-0.004541123440287321,LIME,joy
MassivelyOP,-0.004583851441924357,LIME,joy
depressing,-0.004615031411298891,LIME,joy
by,-0.004618584377690545,LIME,joy
surprise,-0.004640640054069279,LIME,joy
Boomer,-0.004666435592554973,LIME,joy
expired,-0.004677656855612706,LIME,joy
tarp,-0.004718748615341302,LIME,joy
things,-0.004723116756777364,LIME,joy
should,-0.004729754512760001,LIME,joy
deadline,-0.004741303097978945,LIME,joy
wrongdoing,-0.00474656045432817,LIME,joy
Was,-0.004789260883670753,LIME,joy
soul,-0.004810550400278372,LIME,joy
Is,-0.004835657637642441,LIME,joy
sell,-0.004870517185892497,LIME,joy
NV,-0.004888975687709084,LIME,joy
whos,-0.004951247544722045,LIME,joy
poems,-0.004986239525727306,LIME,joy
sexual,-0.005001481863118279,LIME,joy
burning,-0.005024926328759058,LIME,joy
empty,-0.0050438344277000426,LIME,joy
shut,-0.005046148050389204,LIME,joy
chaser,-0.005071326676345453,LIME,joy
clips,-0.005101360090191007,LIME,joy
inferiority,-0.005117844096282944,LIME,joy
particular,-0.005128693486461407,LIME,joy
complaints,-0.005153357784139801,LIME,joy
nsfw,-0.005159016386665203,LIME,joy
separating,-0.0051680720879902714,LIME,joy
plant,-0.005183667218671115,LIME,joy
illegitimate,-0.005219510888148087,LIME,joy
dies,-0.005313888968753489,LIME,joy
info,-0.005335226918908501,LIME,joy
ice,-0.005344923562432751,LIME,joy
SPIDER,-0.0053502959046167,LIME,joy
when,-0.005371778123788591,LIME,joy
killed,-0.005386094613946977,LIME,joy
split,-0.005411510696276297,LIME,joy
twisted,-0.0054345584074799915,LIME,joy
mansplainer,-0.0054579421109037345,LIME,joy
bizarre,-0.00546822646261806,LIME,joy
triggers,-0.005468492883041001,LIME,joy
out,-0.005469774479146439,LIME,joy
Long,-0.0054897400950168805,LIME,joy
Did,-0.005515736426292393,LIME,joy
af,-0.005528495226751757,LIME,joy
born,-0.005530259343237887,LIME,joy
embargo,-0.005554215001435423,LIME,joy
Nickelodeon,-0.005580136440235672,LIME,joy
27,-0.005584446814519327,LIME,joy
Stay,-0.0056344742091609945,LIME,joy
single,-0.005670814772453297,LIME,joy
Total,-0.005687496678750946,LIME,joy
cucked,-0.0057065096954530235,LIME,joy
where,-0.00571374078576617,LIME,joy
how,-0.005716193754516305,LIME,joy
considered,-0.005721784111747311,LIME,joy
throw,-0.005722883300243856,LIME,joy
bribes,-0.0057347835008426315,LIME,joy
underage,-0.005759571117530068,LIME,joy
significant,-0.005763523014617345,LIME,joy
FO,-0.005832563316222757,LIME,joy
guilty,-0.005862238352914106,LIME,joy
managers,-0.005870792040331537,LIME,joy
parry,-0.005896402315257505,LIME,joy
Everybody,-0.005934124237491001,LIME,joy
division,-0.0059525517212357755,LIME,joy
Turn,-0.005965745782490046,LIME,joy
father,-0.005980538132651882,LIME,joy
They,-0.006009598562278564,LIME,joy
no,-0.006044254148740759,LIME,joy
different,-0.006045059177001763,LIME,joy
him,-0.00605837848404066,LIME,joy
Don,-0.0060654768523515645,LIME,joy
deleted,-0.006079994914637045,LIME,joy
meant,-0.006095283728847045,LIME,joy
define,-0.006096565771999954,LIME,joy
Ok,-0.0061481187679877985,LIME,joy
crimes,-0.006168947613065895,LIME,joy
related,-0.006270976388941253,LIME,joy
speaking,-0.006361629940908907,LIME,joy
raged,-0.006369775786937992,LIME,joy
stranger,-0.006375128073917388,LIME,joy
front,-0.006428591689815854,LIME,joy
Still,-0.00643545271276964,LIME,joy
addict,-0.006437372809326642,LIME,joy
manipulate,-0.006500236360398765,LIME,joy
clothes,-0.006508491527618574,LIME,joy
WH,-0.0065088468511239434,LIME,joy
RTS,-0.00652106525187128,LIME,joy
cousin,-0.006530511786477173,LIME,joy
Keep,-0.006542353146807974,LIME,joy
MP,-0.006554971000204932,LIME,joy
panic,-0.006597292725494793,LIME,joy
smaller,-0.006608581580502149,LIME,joy
spray,-0.0066223040666648384,LIME,joy
testimony,-0.006634446593178892,LIME,joy
recommend,-0.0066625050565122385,LIME,joy
please,-0.0066994524973409365,LIME,joy
employees,-0.006715601690567922,LIME,joy
Coach,-0.0067822423967306405,LIME,joy
man,-0.006806889479146418,LIME,joy
Applebees,-0.0068227461278970595,LIME,joy
Nkd,-0.0068293215386413106,LIME,joy
words,-0.006837192455275879,LIME,joy
kid,-0.006936557011430942,LIME,joy
wear,-0.006963500918274997,LIME,joy
callus,-0.006984816567902619,LIME,joy
smashed,-0.00698584728344525,LIME,joy
thoughts,-0.006988814130198314,LIME,joy
average,-0.006993030122547635,LIME,joy
mentally,-0.007012597975271162,LIME,joy
use,-0.007015823773392591,LIME,joy
what,-0.007037787581150594,LIME,joy
Steelers,-0.007047889991756936,LIME,joy
short,-0.007059529483570539,LIME,joy
speak,-0.007079649029991827,LIME,joy
meme,-0.00708925537789571,LIME,joy
stud,-0.007092440236885133,LIME,joy
Me,-0.007100982587241054,LIME,joy
witness,-0.007109077382483576,LIME,joy
Minneapolis,-0.007116363864132789,LIME,joy
However,-0.007122208864191092,LIME,joy
chubby,-0.007146615570552988,LIME,joy
thought,-0.007169963673521189,LIME,joy
mentality,-0.007189520290083185,LIME,joy
years,-0.007193740877007372,LIME,joy
humiliating,-0.007261777058805881,LIME,joy
racist,-0.007320890465856235,LIME,joy
undermine,-0.007369408533624546,LIME,joy
surprising,-0.007413173645495357,LIME,joy
Coyotes,-0.007484999323541941,LIME,joy
anxiety,-0.007504535887734018,LIME,joy
south,-0.007517442057256995,LIME,joy
political,-0.0075312818210367324,LIME,joy
suffering,-0.007536621859769328,LIME,joy
hates,-0.0075860133779563355,LIME,joy
Trying,-0.007589322783176793,LIME,joy
them,-0.007601556840276166,LIME,joy
or,-0.00761673801487004,LIME,joy
mortal,-0.00764048087713699,LIME,joy
Why,-0.007662959815166238,LIME,joy
remove,-0.007664601950051449,LIME,joy
through,-0.0076732808317298935,LIME,joy
bub,-0.007703708258800237,LIME,joy
shows,-0.007717323845523109,LIME,joy
ShOw,-0.0077470499806061195,LIME,joy
net,-0.007787407563478614,LIME,joy
adding,-0.007798089353082106,LIME,joy
causing,-0.007824094698427634,LIME,joy
Arrested,-0.007825895518820666,LIME,joy
venom,-0.007864284185529941,LIME,joy
taxes,-0.007869892069056753,LIME,joy
pompous,-0.007953608184318646,LIME,joy
sterile,-0.00799871517101349,LIME,joy
number,-0.008004613239146755,LIME,joy
folks,-0.008038134693995978,LIME,joy
noone,-0.008039622801634625,LIME,joy
homophone,-0.008096573540753235,LIME,joy
rolling,-0.00817059886216919,LIME,joy
forgot,-0.008173362795108968,LIME,joy
families,-0.008178492733789991,LIME,joy
unethical,-0.008196593422547454,LIME,joy
deal,-0.008214728605754165,LIME,joy
from,-0.008266154256293005,LIME,joy
ganking,-0.008296988298933992,LIME,joy
arrested,-0.00837326329794058,LIME,joy
nail,-0.008416157925377248,LIME,joy
poisoning,-0.008417728295416043,LIME,joy
reaction,-0.008494539987581694,LIME,joy
Been,-0.008505682166069027,LIME,joy
herself,-0.00856081298094466,LIME,joy
omfg,-0.00857253902563606,LIME,joy
Man,-0.008603612047058257,LIME,joy
sent,-0.008625265940056517,LIME,joy
hair,-0.008682304587883981,LIME,joy
incredibly,-0.008741507808612289,LIME,joy
she,-0.008759278639362421,LIME,joy
PISSED,-0.0088542162759047,LIME,joy
mental,-0.008858272003817912,LIME,joy
catches,-0.008928254294462375,LIME,joy
offends,-0.00904297735696535,LIME,joy
shirt,-0.009125015443914607,LIME,joy
machine,-0.009142972371357853,LIME,joy
lethal,-0.009157666008834501,LIME,joy
blood,-0.009199545676586493,LIME,joy
machines,-0.009204308053571676,LIME,joy
Amen,-0.009213520067530298,LIME,joy
poor,-0.009219476007032646,LIME,joy
weeb,-0.009290779593587336,LIME,joy
cat,-0.009363072843202218,LIME,joy
amd,-0.009397035951456068,LIME,joy
knocked,-0.009418648753596126,LIME,joy
statistics,-0.00945948020554879,LIME,joy
means,-0.009460906892529493,LIME,joy
unkind,-0.009487592973954472,LIME,joy
spawn,-0.009505328900898294,LIME,joy
size,-0.009509403195648572,LIME,joy
tone,-0.009567108402007269,LIME,joy
ear,-0.00960044455481215,LIME,joy
claiming,-0.009632039368676527,LIME,joy
asleep,-0.00975376130430835,LIME,joy
91,-0.009763733736671215,LIME,joy
Blind,-0.009844883495420146,LIME,joy
knowing,-0.009902621809820654,LIME,joy
since,-0.009906840784881422,LIME,joy
begin,-0.009936890215485638,LIME,joy
long,-0.009953199070217416,LIME,joy
outspoken,-0.009953920090968965,LIME,joy
instagram,-0.009966112527769654,LIME,joy
reference,-0.009973169000306852,LIME,joy
confused,-0.010050758771338151,LIME,joy
tired,-0.010097670422435855,LIME,joy
misunderstood,-0.010124145532177227,LIME,joy
old,-0.010129472662776544,LIME,joy
post,-0.01014420350656178,LIME,joy
needed,-0.010152567098789828,LIME,joy
Am,-0.010158415282975853,LIME,joy
SOs,-0.010185686272964118,LIME,joy
grinder,-0.010192283955368343,LIME,joy
sloppy,-0.010203891408568451,LIME,joy
they,-0.01022381354651962,LIME,joy
Are,-0.010235673089577662,LIME,joy
Whichever,-0.010240844761860662,LIME,joy
thread,-0.010263558680406421,LIME,joy
cinematic,-0.01029436296943639,LIME,joy
t,-0.010310421445709404,LIME,joy
station,-0.010362832847618169,LIME,joy
vindication,-0.01036306425462581,LIME,joy
fence,-0.010365715438062861,LIME,joy
thinks,-0.010366410744154743,LIME,joy
league,-0.010367282546413089,LIME,joy
military,-0.010404061498185818,LIME,joy
skinny,-0.010414948866034609,LIME,joy
died,-0.010463306739729419,LIME,joy
GONE,-0.010486880544220162,LIME,joy
simulation,-0.010501181606870063,LIME,joy
conversation,-0.010573444724839863,LIME,joy
norm,-0.010611372082815415,LIME,joy
whenever,-0.010697971172098846,LIME,joy
sprawl,-0.010729732222205562,LIME,joy
hooker,-0.010755550702080093,LIME,joy
snapped,-0.01076426792269142,LIME,joy
upset,-0.010766541184922204,LIME,joy
prevents,-0.010785435963988281,LIME,joy
living,-0.010902625481026192,LIME,joy
Shitty,-0.01092652293567982,LIME,joy
movie,-0.010965127427540971,LIME,joy
TYME,-0.010999218109931168,LIME,joy
Recursion,-0.01100455766001717,LIME,joy
3rd,-0.011007206365959378,LIME,joy
Homing,-0.011012396207464074,LIME,joy
Never,-0.011042266229932715,LIME,joy
toxic,-0.011085014066113282,LIME,joy
NAME,-0.011112372252326568,LIME,joy
Motherfucking,-0.011135116740262367,LIME,joy
craven,-0.011152830566792456,LIME,joy
took,-0.011155670660242225,LIME,joy
E,-0.011181607626102647,LIME,joy
plug,-0.01121153621746766,LIME,joy
file,-0.011247131847085213,LIME,joy
Deluxe,-0.011266765862763855,LIME,joy
Do,-0.011282671786021398,LIME,joy
double,-0.011328485834709395,LIME,joy
sorted,-0.011352234801583,LIME,joy
antagonist,-0.011354968689147201,LIME,joy
worried,-0.011384171435254673,LIME,joy
disgusting,-0.01139155663871578,LIME,joy
annoying,-0.011416980376335676,LIME,joy
pushing,-0.011460671040717239,LIME,joy
ugly,-0.011502490711352488,LIME,joy
put,-0.011510345434913236,LIME,joy
standing,-0.011615364242812447,LIME,joy
virgins,-0.011642198456285936,LIME,joy
call,-0.011716456039879664,LIME,joy
agents,-0.011732985576751977,LIME,joy
issues,-0.011755355935482282,LIME,joy
rickets,-0.011757526929207287,LIME,joy
Enchantress,-0.011812575531988308,LIME,joy
measure,-0.01186181468420768,LIME,joy
trashy,-0.011937849918983875,LIME,joy
brand,-0.011948757986093711,LIME,joy
sueing,-0.011965837882384667,LIME,joy
squeaked,-0.012048388988338309,LIME,joy
He,-0.012053856623279067,LIME,joy
Shabbat,-0.012056100786320686,LIME,joy
Damn,-0.012220139974973804,LIME,joy
crow,-0.012243863967025797,LIME,joy
T_D,-0.012268589518147488,LIME,joy
dam,-0.012280666783061021,LIME,joy
stay,-0.012288614133082505,LIME,joy
Pets,-0.012304782892261374,LIME,joy
another,-0.012314976471652398,LIME,joy
immaturity,-0.012334328462119149,LIME,joy
their,-0.01235392509636644,LIME,joy
NOT,-0.012360601265548402,LIME,joy
California,-0.0123636814386419,LIME,joy
NO,-0.012386070992498072,LIME,joy
comments,-0.012418521664309694,LIME,joy
exist,-0.012498738776822298,LIME,joy
dunk,-0.012525014154259747,LIME,joy
leave,-0.012526883260610331,LIME,joy
fire,-0.01254920558969435,LIME,joy
overheat,-0.012586131893969925,LIME,joy
her,-0.012587330163013988,LIME,joy
rundown,-0.012588526688250846,LIME,joy
down,-0.012615290026225093,LIME,joy
Ragnarok,-0.012709045163671984,LIME,joy
excuse,-0.012722947410197288,LIME,joy
despite,-0.012774634484779867,LIME,joy
curse,-0.012785092174710919,LIME,joy
months,-0.012791953159517965,LIME,joy
off,-0.01290230907111115,LIME,joy
nicotine,-0.01292675463129095,LIME,joy
fuel,-0.013006534778566444,LIME,joy
pinch,-0.013020934016521143,LIME,joy
general,-0.013026140245388913,LIME,joy
else,-0.01303003668275672,LIME,joy
character,-0.013088810964336822,LIME,joy
question,-0.013207771559459517,LIME,joy
who,-0.013259940767057882,LIME,joy
care,-0.013274377352804973,LIME,joy
disappointed,-0.013290649393312317,LIME,joy
he,-0.013350825586238213,LIME,joy
reversal,-0.013375476323089126,LIME,joy
Famous,-0.013383797820515948,LIME,joy
happened,-0.01339583341911086,LIME,joy
everything,-0.013459427501676714,LIME,joy
isn,-0.0134919400298219,LIME,joy
pigeons,-0.013548835361609604,LIME,joy
And,-0.013631556676687166,LIME,joy
gona,-0.01365789151905123,LIME,joy
fear,-0.013741498668004927,LIME,joy
knew,-0.013795256646587567,LIME,joy
quiet,-0.013817501587687277,LIME,joy
listen,-0.013833127912908605,LIME,joy
package,-0.013880176176789398,LIME,joy
devil,-0.013969829546494535,LIME,joy
arm,-0.014046657927415723,LIME,joy
How,-0.014122834435526366,LIME,joy
ghost,-0.01412546321183243,LIME,joy
why,-0.014142922218769729,LIME,joy
damned,-0.014197253982177423,LIME,joy
rape,-0.014220070588953648,LIME,joy
department,-0.014237143148814163,LIME,joy
type,-0.014257079473061665,LIME,joy
non,-0.01426981824009391,LIME,joy
cringes,-0.014270761839533892,LIME,joy
Mixed,-0.014385164234372253,LIME,joy
Oakland,-0.014470438446700574,LIME,joy
healing,-0.014472505645974866,LIME,joy
asking,-0.014490626044821165,LIME,joy
chick,-0.014571525495710294,LIME,joy
asexual,-0.014605214464325054,LIME,joy
prevent,-0.014651742942744225,LIME,joy
yesterday,-0.014730534097808511,LIME,joy
grandson,-0.014774460397829944,LIME,joy
reasons,-0.014775287821101973,LIME,joy
catch,-0.014817003251592178,LIME,joy
HAPPENED,-0.014840883009046138,LIME,joy
surprised,-0.0148428240626123,LIME,joy
pink,-0.014881414545118668,LIME,joy
Or,-0.014881901569431692,LIME,joy
unmemorable,-0.01488838844899923,LIME,joy
don,-0.014946015325709086,LIME,joy
YOUR,-0.014959295076131826,LIME,joy
react,-0.014963175474317187,LIME,joy
say,-0.014988677056229482,LIME,joy
pissed,-0.01510912792800482,LIME,joy
guy,-0.015135418782312402,LIME,joy
End,-0.015155395375118851,LIME,joy
Okubo,-0.015180551404264924,LIME,joy
seriously,-0.015259210263574371,LIME,joy
dropping,-0.01530370499821147,LIME,joy
D,-0.015340009780973905,LIME,joy
nails,-0.015355022758112718,LIME,joy
damn,-0.015377484635469719,LIME,joy
sometimes,-0.015378257061720347,LIME,joy
From,-0.015382289471534357,LIME,joy
FAULT,-0.015517175234839147,LIME,joy
packet,-0.01558218131183769,LIME,joy
mouth,-0.015649528840417454,LIME,joy
kill,-0.015713012723163666,LIME,joy
immoral,-0.015751670111465495,LIME,joy
quietly,-0.015844548282652773,LIME,joy
doesn,-0.015858645336167352,LIME,joy
sub,-0.015876967555171786,LIME,joy
tool,-0.015936080671081772,LIME,joy
unruly,-0.015980596015070313,LIME,joy
Edit,-0.01598153143411354,LIME,joy
tyrants,-0.016104581708691643,LIME,joy
discussion,-0.016166832108801883,LIME,joy
28,-0.01623237153317934,LIME,joy
match,-0.016274925245175625,LIME,joy
ruined,-0.016284157997736436,LIME,joy
BritSovcit,-0.016302684667498856,LIME,joy
lb,-0.016329561697072545,LIME,joy
recalling,-0.0163769836506822,LIME,joy
Brah,-0.016405300409291227,LIME,joy
remorse,-0.016419547576905412,LIME,joy
brought,-0.016453216580505605,LIME,joy
20,-0.016475923472685023,LIME,joy
repost,-0.016594682502580976,LIME,joy
chap,-0.016639509117872518,LIME,joy
left,-0.01665360563608193,LIME,joy
ENFP,-0.016696738613450477,LIME,joy
pathetic,-0.016845095978051845,LIME,joy
unhappy,-0.01690331862112768,LIME,joy
yards,-0.01702522575810963,LIME,joy
stopped,-0.017039785330872286,LIME,joy
unil,-0.017054420736595816,LIME,joy
beggar,-0.017118596101569614,LIME,joy
leech,-0.017246321312869874,LIME,joy
dong,-0.017386898169556027,LIME,joy
consider,-0.017390372783581305,LIME,joy
barely,-0.01746234560552541,LIME,joy
gone,-0.017484585062196575,LIME,joy
medical,-0.01751902934092378,LIME,joy
TO,-0.01757093490705459,LIME,joy
worse,-0.017643615777148715,LIME,joy
huffed,-0.01771715108602381,LIME,joy
While,-0.017755163215984478,LIME,joy
Bulls,-0.017764745768548196,LIME,joy
u,-0.017774433906930544,LIME,joy
Clean,-0.01778252091388113,LIME,joy
mindless,-0.017850885549644032,LIME,joy
users,-0.01799484124462672,LIME,joy
macs,-0.018144130498142626,LIME,joy
noob,-0.01820857086191169,LIME,joy
tell,-0.018222879495718658,LIME,joy
illegal,-0.018342587017529124,LIME,joy
using,-0.0184959195778868,LIME,joy
late,-0.018568446901153324,LIME,joy
didn,-0.018630016870190783,LIME,joy
Dont,-0.018641003165193543,LIME,joy
exhausting,-0.01873554755007192,LIME,joy
past,-0.018752213062132973,LIME,joy
vile,-0.018769774217796447,LIME,joy
invaded,-0.018799410511331348,LIME,joy
dangerously,-0.018833030487979633,LIME,joy
friend,-0.01889824617027199,LIME,joy
farmer,-0.01893578578466971,LIME,joy
skymall,-0.01895297898217131,LIME,joy
quieter,-0.018990653646732213,LIME,joy
mind,-0.018990746706335503,LIME,joy
as,-0.019030218689759223,LIME,joy
female,-0.01908064436883524,LIME,joy
article,-0.019130832365467306,LIME,joy
allows,-0.019136818628348966,LIME,joy
distraught,-0.019232716103449083,LIME,joy
She,-0.019297119377597444,LIME,joy
lil,-0.01932092091301667,LIME,joy
throws,-0.01933087474771525,LIME,joy
tweet,-0.019404301651077364,LIME,joy
goddamn,-0.01942971791597089,LIME,joy
wasnt,-0.01952067402713117,LIME,joy
woman,-0.01955704890424937,LIME,joy
returned,-0.019597178389875486,LIME,joy
WHAT,-0.019647324489772255,LIME,joy
Sort,-0.019740871664086706,LIME,joy
Remember,-0.019809603599810214,LIME,joy
into,-0.019856799661981766,LIME,joy
Weird,-0.019864317847093464,LIME,joy
annoy,-0.019872616601099947,LIME,joy
videos,-0.019878236170520674,LIME,joy
tackle,-0.020044544636811098,LIME,joy
TPP,-0.02009410129777795,LIME,joy
between,-0.0201371798880203,LIME,joy
worthless,-0.02014902124890178,LIME,joy
cause,-0.02028524716669998,LIME,joy
frauded,-0.02032177818001595,LIME,joy
whatsoever,-0.020350809244459915,LIME,joy
painful,-0.020428981064080847,LIME,joy
household,-0.020519694672502344,LIME,joy
raw,-0.02057019201540724,LIME,joy
poles,-0.021047619318784096,LIME,joy
Every,-0.02113408319535619,LIME,joy
violently,-0.021195038963237278,LIME,joy
kink,-0.02137908448042158,LIME,joy
both,-0.02149110474311554,LIME,joy
Play,-0.021504370836687624,LIME,joy
freaking,-0.02151556571462691,LIME,joy
boeser,-0.021522012396731228,LIME,joy
door,-0.02185183919001637,LIME,joy
lacing,-0.02190872242810868,LIME,joy
beer,-0.022059376841878392,LIME,joy
Trust,-0.022172519527424082,LIME,joy
user,-0.022275531803623336,LIME,joy
cheap,-0.02230321869713165,LIME,joy
forearm,-0.022307811994108404,LIME,joy
disturbed,-0.022317680672692287,LIME,joy
bastard,-0.022379277104490686,LIME,joy
dildo,-0.022502097641943716,LIME,joy
Isn,-0.02251383515333171,LIME,joy
course,-0.022641945292960212,LIME,joy
bullshit,-0.02301377280738977,LIME,joy
abortion,-0.023031145270416605,LIME,joy
inconvenienced,-0.0230574071105359,LIME,joy
multitudes,-0.023094090028976683,LIME,joy
bad,-0.023120813553149433,LIME,joy
heard,-0.023145740026587487,LIME,joy
assault,-0.02350175935424647,LIME,joy
damaging,-0.023511346301503137,LIME,joy
burglar,-0.023587313217422575,LIME,joy
beautiful,-0.023624443547165537,LIME,joy
excellent,-0.023686963841709104,LIME,joy
phone,-0.023750991400822603,LIME,joy
lose,-0.023787904257353946,LIME,joy
bucko,-0.02387059964656299,LIME,joy
prison,-0.02391363357312847,LIME,joy
fest,-0.0239484571885224,LIME,joy
mentioned,-0.023968645047465036,LIME,joy
Nothing,-0.024024713922806307,LIME,joy
lack,-0.024131071391230656,LIME,joy
hire,-0.024207783323502742,LIME,joy
control,-0.024294083798923043,LIME,joy
remind,-0.024300522430871878,LIME,joy
random,-0.024459755293861355,LIME,joy
break,-0.024476967088101674,LIME,joy
Sweetie,-0.024590264907844543,LIME,joy
Nicknames,-0.024600935905719552,LIME,joy
times,-0.024710578991514912,LIME,joy
wouldnt,-0.024736197246474457,LIME,joy
live,-0.024821312291808985,LIME,joy
Which,-0.025006734080991216,LIME,joy
gentleman,-0.025025503775566813,LIME,joy
fron,-0.025028343801264848,LIME,joy
woken,-0.02507748231433186,LIME,joy
asshat,-0.02517261446686098,LIME,joy
debunked,-0.02520120658790831,LIME,joy
dopamine,-0.02523097973777354,LIME,joy
didnt,-0.025260253524261155,LIME,joy
gross,-0.025335158900738314,LIME,joy
formaldehyde,-0.025472760175248202,LIME,joy
crucified,-0.02578794900092636,LIME,joy
anonymous,-0.025800168724082258,LIME,joy
shit,-0.02581926359100039,LIME,joy
guards,-0.025866050995541907,LIME,joy
boring,-0.025875348693027114,LIME,joy
greedy,-0.02609800794113,LIME,joy
wrong,-0.026108119807430476,LIME,joy
string,-0.02628070127014985,LIME,joy
Celtics,-0.0264330268728982,LIME,joy
documented,-0.026442207127102615,LIME,joy
app,-0.026578776048285586,LIME,joy
bothering,-0.026599988916346556,LIME,joy
facepalm,-0.026664505946909386,LIME,joy
ruining,-0.02666640415467401,LIME,joy
losing,-0.0267004303143988,LIME,joy
vision,-0.026702377450357615,LIME,joy
destroyed,-0.02672208313827536,LIME,joy
Surviving,-0.0268563501667446,LIME,joy
thin,-0.026902261276812608,LIME,joy
counts,-0.02700521319943776,LIME,joy
dont,-0.027030932478796878,LIME,joy
shave,-0.02720531717882392,LIME,joy
Grant,-0.02724625026168402,LIME,joy
600,-0.02725151846006091,LIME,joy
stupid,-0.027340717088839738,LIME,joy
cursed,-0.02737628438881791,LIME,joy
rosters,-0.027458553906044066,LIME,joy
fuck,-0.02748911022627228,LIME,joy
conniving,-0.027516855245920055,LIME,joy
confrontational,-0.027607706201043122,LIME,joy
asshole,-0.027614773148799798,LIME,joy
garbage,-0.027666440752855365,LIME,joy
apologize,-0.027721701709170776,LIME,joy
paralyzed,-0.027750340018737298,LIME,joy
scared,-0.027875951494604444,LIME,joy
Peep,-0.02799169185396327,LIME,joy
lagging,-0.028069226307987194,LIME,joy
bunches,-0.028077448080662776,LIME,joy
smallpox,-0.028095882238901092,LIME,joy
clay,-0.02833442713029444,LIME,joy
Has,-0.028502327518064644,LIME,joy
Uhhhh,-0.028569462273213532,LIME,joy
stuff,-0.028622266742749484,LIME,joy
jealous,-0.02876562667692505,LIME,joy
last,-0.028787429190921678,LIME,joy
crap,-0.02884920987541231,LIME,joy
never,-0.02899153943430338,LIME,joy
twat,-0.02912295870991547,LIME,joy
HEAR,-0.029180841973512287,LIME,joy
Bedside,-0.02923485673717073,LIME,joy
Uncle,-0.029462120947831356,LIME,joy
womands,-0.029833641244820942,LIME,joy
takes,-0.02985339287183859,LIME,joy
cant,-0.030042978387344918,LIME,joy
over,-0.030095447283221582,LIME,joy
used,-0.030129048432795527,LIME,joy
cleaver,-0.030149151514779066,LIME,joy
cizikas,-0.030199682399168398,LIME,joy
lady,-0.030237160525218326,LIME,joy
regretting,-0.03029538338207645,LIME,joy
refrigerated,-0.030443313737310844,LIME,joy
skewed,-0.03061469341357037,LIME,joy
problem,-0.030617820887364415,LIME,joy
Grew,-0.03080151449669286,LIME,joy
vent,-0.030825744004964926,LIME,joy
amazed,-0.030834962753904144,LIME,joy
frigan,-0.03100227678308686,LIME,joy
horrid,-0.031190055162274574,LIME,joy
idiot,-0.031300083793491515,LIME,joy
myth,-0.031377251408532675,LIME,joy
ignoring,-0.031379769564668654,LIME,joy
regretted,-0.03147799333761156,LIME,joy
screen,-0.0314896588005441,LIME,joy
Shut,-0.03161160092789956,LIME,joy
failed,-0.031746637020752616,LIME,joy
curious,-0.031900510094380594,LIME,joy
grant,-0.03191036839925123,LIME,joy
turd,-0.03192318260303945,LIME,joy
sucks,-0.03192944826243815,LIME,joy
symbolic,-0.03197815581922233,LIME,joy
Dallas,-0.03225753533653397,LIME,joy
nothing,-0.03228342831832977,LIME,joy
privates,-0.03229601010591566,LIME,joy
condolences,-0.03253695704107081,LIME,joy
Maybe,-0.03263597824235462,LIME,joy
Integration,-0.03282038803374596,LIME,joy
lurkerturndcommenter,-0.032978977792409006,LIME,joy
transit,-0.03301752212931288,LIME,joy
paranoid,-0.0330470012056355,LIME,joy
stop,-0.03311343589781828,LIME,joy
HE,-0.03345989064013698,LIME,joy
less,-0.033578890157827904,LIME,joy
Ashtray,-0.03364159555386675,LIME,joy
toddler,-0.03366549856397749,LIME,joy
daughter,-0.03386654904447336,LIME,joy
not,-0.0339629612089162,LIME,joy
bagels,-0.03400399257432957,LIME,joy
definatley,-0.0340052118926727,LIME,joy
overwatch,-0.034169265010053206,LIME,joy
repent,-0.03422619961552025,LIME,joy
hopeless,-0.03445452110913526,LIME,joy
Didn,-0.03456163051537223,LIME,joy
ass,-0.034571524078046124,LIME,joy
XD,-0.034602999848944244,LIME,joy
MN,-0.034686407820174014,LIME,joy
mindset,-0.03473428854399002,LIME,joy
place,-0.0347629486250746,LIME,joy
losers,-0.03477440932825971,LIME,joy
VUC,-0.034896402631094725,LIME,joy
stopping,-0.0350182990409028,LIME,joy
waist,-0.03512962094187296,LIME,joy
diarrhea,-0.03516047535507937,LIME,joy
hour,-0.03519684821073416,LIME,joy
somethings,-0.03527219761075908,LIME,joy
concerning,-0.03564023713283649,LIME,joy
Piss,-0.03575132596246547,LIME,joy
gag,-0.03582723271174217,LIME,joy
Its,-0.035827794792909824,LIME,joy
gay,-0.036057152407509306,LIME,joy
room,-0.03631425932002223,LIME,joy
awfully,-0.03632523244753543,LIME,joy
tickle,-0.036384538324736274,LIME,joy
certain,-0.03639467789370987,LIME,joy
Not,-0.03647111653049413,LIME,joy
sexist,-0.03647999077594906,LIME,joy
ignore,-0.03670329014436877,LIME,joy
yo,-0.036727737626162715,LIME,joy
percent,-0.03680397378060706,LIME,joy
doubt,-0.0369898743515749,LIME,joy
No,-0.037230637947953005,LIME,joy
alone,-0.0373722746956825,LIME,joy
cheating,-0.03758672105748741,LIME,joy
death,-0.03790572325015409,LIME,joy
uncomfortable,-0.03800988150394214,LIME,joy
ridiculous,-0.038028981072111674,LIME,joy
trash,-0.0384057860332936,LIME,joy
fucking,-0.03866056080130228,LIME,joy
IDIOT,-0.03871310294479518,LIME,joy
odd,-0.03877241716811352,LIME,joy
dumb,-0.03906545460615758,LIME,joy
arguing,-0.03914714905087942,LIME,joy
downvoted,-0.03915391894344196,LIME,joy
wants,-0.03924616140029117,LIME,joy
keeping,-0.03955680502967713,LIME,joy
moron,-0.039727351960392614,LIME,joy
kitten,-0.039754476845541974,LIME,joy
fat,-0.04002126063068935,LIME,joy
kneeling,-0.04013247310180227,LIME,joy
cringe,-0.04040943320070049,LIME,joy
0,-0.040851811898987726,LIME,joy
Careful,-0.04091776082954032,LIME,joy
nope,-0.040928424060206456,LIME,joy
exploit,-0.04116768407941948,LIME,joy
American,-0.041168460858214934,LIME,joy
decade,-0.04122063659975104,LIME,joy
christiangreyisdraco,-0.04144982489429919,LIME,joy
descriptor,-0.04146828051860211,LIME,joy
hindrance,-0.04169693768652953,LIME,joy
Search,-0.04189422508283176,LIME,joy
CBC,-0.04204127007189407,LIME,joy
sad,-0.04209046528866605,LIME,joy
EXIST,-0.04211970158210479,LIME,joy
Lemons,-0.04231830665550843,LIME,joy
brain,-0.04241506326125266,LIME,joy
HEAD,-0.04253617150718569,LIME,joy
mad,-0.04256524298856612,LIME,joy
choosy,-0.0427765289741087,LIME,joy
crack,-0.04325547940405108,LIME,joy
Come,-0.04332751057844213,LIME,joy
police,-0.04335969497699564,LIME,joy
occasionally,-0.04353745482797762,LIME,joy
ruin,-0.04357433656009986,LIME,joy
killing,-0.043622472180004646,LIME,joy
1st,-0.044345926801376216,LIME,joy
untalented,-0.04442393873351268,LIME,joy
ASS,-0.04467208647625407,LIME,joy
Sorry,-0.04480543491467703,LIME,joy
rapist,-0.04481872452847089,LIME,joy
die,-0.045658478094813715,LIME,joy
accuses,-0.04601819211370011,LIME,joy
hypocrite,-0.046426373111691045,LIME,joy
CRAB,-0.046832188238098205,LIME,joy
confirm,-0.04793101695252603,LIME,joy
caring,-0.04805938502410631,LIME,joy
donate,-0.04849929270865164,LIME,joy
SOOOOO,-0.04890083803972977,LIME,joy
dicky,-0.049450780258218426,LIME,joy
tough,-0.05061599191818961,LIME,joy
TRoss,-0.0509257090896625,LIME,joy
Spalding,-0.05196353238943992,LIME,joy
dumbass,-0.05201738013321152,LIME,joy
discuss,-0.052347235337697855,LIME,joy
abusing,-0.05252360583228433,LIME,joy
pissy,-0.052906880581470125,LIME,joy
chips,-0.05291350736594258,LIME,joy
insecure,-0.052964038913831134,LIME,joy
inside,-0.05321614756773391,LIME,joy
sniff,-0.05346802950739479,LIME,joy
stress,-0.05393239169033476,LIME,joy
horrible,-0.054259327226745764,LIME,joy
serum,-0.054795231413101116,LIME,joy
Humiliation,-0.054950232544656655,LIME,joy
stunned,-0.05566294079956503,LIME,joy
disorientating,-0.055720433336362715,LIME,joy
hurts,-0.055793588643910506,LIME,joy
banned,-0.05758015155658642,LIME,joy
passing,-0.059103498985994145,LIME,joy
messing,-0.059173369188230344,LIME,joy
alternative,-0.059910879326586224,LIME,joy
dramatic,-0.059948752869729637,LIME,joy
sorry,-0.060094919100148886,LIME,joy
effect,-0.06043408859243794,LIME,joy
noticed,-0.061042359939591166,LIME,joy
afraid,-0.06140906627531125,LIME,joy
spreading,-0.06176913323351587,LIME,joy
dang,-0.06186122550407433,LIME,joy
bothered,-0.06231894910622928,LIME,joy
ignorant,-0.06311437647508482,LIME,joy
unfortunately,-0.06356940767363414,LIME,joy
exploitative,-0.0645589411966936,LIME,joy
ex,-0.064794481740606,LIME,joy
Wanna,-0.06510019096851563,LIME,joy
Needed,-0.065300404855114,LIME,joy
shatter,-0.06546713232664532,LIME,joy
hate,-0.0661657167090004,LIME,joy
Listen,-0.06707528580426762,LIME,joy
terrible,-0.06725262403401562,LIME,joy
refuse,-0.06842616458482198,LIME,joy
Regardless,-0.06847856074970889,LIME,joy
wtf,-0.06862880472327572,LIME,joy
LEG,-0.06894941896353336,LIME,joy
torn,-0.06929425279692052,LIME,joy
Leave,-0.06988596940259426,LIME,joy
Cool,-0.07087913255008604,LIME,joy
owner,-0.07134007869370505,LIME,joy
Whataburger,-0.07174187127057287,LIME,joy
aint,-0.07239945671533653,LIME,joy
weird,-0.07315521007256014,LIME,joy
pug,-0.0737504583519544,LIME,joy
angry,-0.07557177212464002,LIME,joy
stressed,-0.07614449942788772,LIME,joy
Get,-0.07661392295077855,LIME,joy
miss,-0.0767753873708232,LIME,joy
shame,-0.07701652628158956,LIME,joy
CrimsonEagl3,-0.07889370282284337,LIME,joy
AND,-0.07893324002809635,LIME,joy
created,-0.08013974345651259,LIME,joy
shitpost,-0.08122919248951782,LIME,joy
depressed,-0.08139994481177333,LIME,joy
freaks,-0.08157777179592532,LIME,joy
embarrassment,-0.08259042541132348,LIME,joy
dump,-0.08304345935663356,LIME,joy
Sadly,-0.08369199788945485,LIME,joy
pic,-0.08407076494050643,LIME,joy
Emotionally,-0.08409548422209259,LIME,joy
drained,-0.08447328716393913,LIME,joy
loath,-0.08532535304552019,LIME,joy
QB,-0.08581833762878303,LIME,joy
worst,-0.08650393352796064,LIME,joy
wish,-0.08769227282153588,LIME,joy
slouching,-0.09045285714064154,LIME,joy
comrade,-0.09086361409585254,LIME,joy
nasty,-0.09301997281043609,LIME,joy
offensive,-0.09394057423913305,LIME,joy
purged,-0.09464861799362068,LIME,joy
orisa,-0.09486253466387083,LIME,joy
ranting,-0.09504265538105912,LIME,joy
none,-0.09570285800201081,LIME,joy
aged,-0.09873581773368405,LIME,joy
broken,-0.10030432580406261,LIME,joy
scum,-0.10050086730412716,LIME,joy
jerks,-0.10410182918074803,LIME,joy
alas,-0.10494193211109508,LIME,joy
nightmare,-0.10606743833205519,LIME,joy
Fake,-0.11055692648078351,LIME,joy
unbelievable,-0.11081333031722453,LIME,joy
lost,-0.11081709834970352,LIME,joy
strange,-0.1123912852668097,LIME,joy
fucked,-0.1133495066102098,LIME,joy
stops,-0.11679990288597038,LIME,joy
gullible,-0.116877239132195,LIME,joy
abuse,-0.11892156682164218,LIME,joy
equivalent,-0.12116987739456492,LIME,joy
Poor,-0.12335493547827836,LIME,joy
Sox,-0.1259598397721833,LIME,joy
depression,-0.13240935227841355,LIME,joy
cried,-0.13269631397642656,LIME,joy
dangerous,-0.13372900552320136,LIME,joy
art,-0.13507397848183492,LIME,joy
violent,-0.1351503808173757,LIME,joy
claim,-0.1408703592773897,LIME,joy
infuriated,-0.143834319149493,LIME,joy
crying,-0.15628522430079062,LIME,joy
false,-0.1578529003060997,LIME,joy
unpleasant,-0.15993031789841108,LIME,joy
Stop,-0.16085093439305914,LIME,joy
Ask,-0.16460016890245202,LIME,joy
aggressive,-0.16612580884519404,LIME,joy
ADOPTED,-0.17542621576176867,LIME,joy
stuck,-0.17735425434901803,LIME,joy
ashamed,-0.18217635536992982,LIME,joy
aunt,-0.18829859044984504,LIME,joy
cheesiest,-0.19363070052652118,LIME,joy
sadly,-0.19478370482598306,LIME,joy
realized,-0.19595022283949992,LIME,joy
lawsuit,-0.2082705583985161,LIME,joy
loss,-0.21459608845318537,LIME,joy
